#
# A fatal error has been detected by the Java Runtime Environment:
#
#  EXCEPTION_ACCESS_VIOLATION (0xc0000005) at pc=0x00000000569f1050, pid=171696, tid=25212
#
# JRE version: OpenJDK Runtime Environment Temurin-21.0.12+8 (21.0.12+8) (build 21.0.12+8-LTS)
# Java VM: OpenJDK 64-Bit Server VM Temurin-21.0.12+8 (21.0.12+8-LTS, mixed mode, sharing, tiered, compressed oops, compressed class ptrs, g1 gc, windows-amd64)
# Problematic frame:
# C  [nvoglv64.DLL+0x1031050]
#
# No core dump will be written. Minidumps are not enabled by default on client versions of Windows
#
# If you would like to submit a bug report, please visit:
#   https://github.com/adoptium/adoptium-support/issues
# The crash happened outside the Java Virtual Machine in native code.
# See problematic frame for where to report the bug.
#

---------------  S U M M A R Y ------------

Command Line: -Djava.library.path=D:\PCL 正式版 2.13.0.1\.minecraft\versions\1.21.1-NeoForge_21.1.247\1.21.1-NeoForge_21.1.247-natives -Djna.tmpdir=D:\PCL 正式版 2.13.0.1\.minecraft\versions\1.21.1-NeoForge_21.1.247\1.21.1-NeoForge_21.1.247-natives -Dorg.lwjgl.system.SharedLibraryExtractPath=D:\PCL 正式版 2.13.0.1\.minecraft\versions\1.21.1-NeoForge_21.1.247\1.21.1-NeoForge_21.1.247-natives -Dio.netty.native.workdir=D:\PCL 正式版 2.13.0.1\.minecraft\versions\1.21.1-NeoForge_21.1.247\1.21.1-NeoForge_21.1.247-natives -Dminecraft.launcher.brand=opencode-test -Dminecraft.launcher.version=1.0 -Djava.net.preferIPv6Addresses=system -DignoreList=client-extra,1.21.1-NeoForge_21.1.247.jar -DlibraryDirectory=D:\PCL 正式版 2.13.0.1\.minecraft\libraries --module-path=D:\PCL 正式版 2.13.0.1\.minecraft\libraries\cpw\mods\bootstraplauncher\2.0.2\bootstraplauncher-2.0.2.jar;D:\PCL 正式版 2.13.0.1\.minecraft\libraries\cpw\mods\securejarhandler\3.0.8\securejarhandler-3.0.8.jar;D:\PCL 正式版 2.13.0.1\.minecraft\libraries\org\ow2\asm\asm-commons\9.10.1\asm-commons-9.10.1.jar;D:\PCL 正式版 2.13.0.1\.minecraft\libraries\org\ow2\asm\asm-util\9.10.1\asm-util-9.10.1.jar;D:\PCL 正式版 2.13.0.1\.minecraft\libraries\org\ow2\asm\asm-analysis\9.10.1\asm-analysis-9.10.1.jar;D:\PCL 正式版 2.13.0.1\.minecraft\libraries\org\ow2\asm\asm-tree\9.10.1\asm-tree-9.10.1.jar;D:\PCL 正式版 2.13.0.1\.minecraft\libraries\org\ow2\asm\asm\9.10.1\asm-9.10.1.jar;D:\PCL 正式版 2.13.0.1\.minecraft\libraries\net\neoforged\JarJarFileSystems\0.4.1\JarJarFileSystems-0.4.1.jar --add-modules=ALL-MODULE-PATH --add-opens=java.base/java.util.jar=cpw.mods.securejarhandler --add-opens=java.base/java.lang.invoke=cpw.mods.securejarhandler --add-exports=java.base/sun.security.util=cpw.mods.securejarhandler --add-exports=jdk.naming.dns/com.sun.jndi.dns=java.naming cpw.mods.bootstraplauncher.BootstrapLauncher --username BaierOops --version 1.21.1-NeoForge_21.1.247 --gameDir D:\PCL 正式版 2.13.0.1\.minecraft\versions\1.21.1-NeoForge_21.1.247 --assetsDir D:\PCL 正式版 2.13.0.1\.minecraft\assets --assetIndex 17 --uuid 00000000-0000-0000-0000-000000000000 --accessToken 0 --clientId 0 --xuid 0 --userType legacy --versionType release --fml.neoForgeVersion 21.1.247 --fml.fmlVersion 4.0.43 --fml.mcVersion 1.21.1 --fml.neoFormVersion 20240808.144430 --launchTarget forgeclient

Host: AMD Ryzen 7 5700X 8-Core Processor             , 16 cores, 15G,  Windows 11 , 64 bit Build 26100 (10.0.26100.8875)
Time: Sat Aug  1 20:41:46 2026 elapsed time: 13.246385 seconds (0d 0h 0m 13s)

---------------  T H R E A D  ---------------

Current thread (0x000001eb0599a900):  JavaThread "Render thread"        [_thread_in_native, id=25212, stack(0x0000000b12300000,0x0000000b12400000) (1024K)]

Stack: [0x0000000b12300000,0x0000000b12400000],  sp=0x0000000b123fe2c8,  free space=1016k
Native frames: (J=compiled Java code, j=interpreted, Vv=VM code, C=native code)
C  [nvoglv64.DLL+0x1031050]

Java frames: (J=compiled Java code, j=interpreted, Vv=VM code)
J 6586  org.lwjgl.opengl.GL11C.nglDrawElements(IIIJ)V org.lwjgl.opengl@3.3.3+5 (0 bytes) @ 0x000001eb184b9f26 [0x000001eb184b9ec0+0x0000000000000066]
J 8198 c1 org.lwjgl.opengl.GL11C.glDrawElements(IIIJ)V org.lwjgl.opengl@3.3.3+5 (8 bytes) @ 0x000001eb11216c9c [0x000001eb11216c40+0x000000000000005c]
J 15478 c1 org.lwjgl.opengl.GL11.glDrawElements(IIIJ)V org.lwjgl.opengl@3.3.3+5 (8 bytes) @ 0x000001eb1087621c [0x000001eb108761c0+0x000000000000005c]
J 15488 c1 com.mojang.blaze3d.platform.GlStateManager._drawElements(IIIJ)V minecraft@1.21.1 (11 bytes) @ 0x000001eb10875c7c [0x000001eb10875b00+0x000000000000017c]
J 15190 c1 com.mojang.blaze3d.systems.RenderSystem.drawElements(III)V minecraft@1.21.1 (11 bytes) @ 0x000001eb11734484 [0x000001eb11734300+0x0000000000000184]
J 15188 c1 com.mojang.blaze3d.vertex.VertexBuffer.draw()V minecraft@1.21.1 (22 bytes) @ 0x000001eb1163048c [0x000001eb11630340+0x000000000000014c]
j  com.mojang.blaze3d.vertex.BufferUploader.draw(Lcom/mojang/blaze3d/vertex/MeshData;)V+6 minecraft@1.21.1
j  com.mojang.blaze3d.pipeline.RenderTarget._blitToScreen(IIZ)V+130 minecraft@1.21.1
j  com.mojang.blaze3d.pipeline.RenderTarget.blitToScreen(IIZ)V+4 minecraft@1.21.1
j  com.mojang.blaze3d.pipeline.RenderTarget.blitToScreen(II)V+4 minecraft@1.21.1
j  net.minecraft.client.Minecraft.runTick(Z)V+538 minecraft@1.21.1
j  net.minecraft.client.Minecraft.run()V+92 minecraft@1.21.1
j  net.minecraft.client.main.Main.main([Ljava/lang/String;)V+1607 minecraft@1.21.1
j  java.lang.invoke.LambdaForm$DMH+0x000001eb2902c400.invokeStatic(Ljava/lang/Object;Ljava/lang/Object;)V+10 java.base@21.0.12
j  java.lang.invoke.LambdaForm$MH+0x000001eb293f9400.invoke(Ljava/lang/Object;Ljava/lang/Object;Ljava/lang/Object;)Ljava/lang/Object;+33 java.base@21.0.12
J 6524 c1 jdk.internal.reflect.DirectMethodHandleAccessor.invoke(Ljava/lang/Object;[Ljava/lang/Object;)Ljava/lang/Object; java.base@21.0.12 (92 bytes) @ 0x000001eb110b6aac [0x000001eb110b5040+0x0000000000001a6c]
J 6511 c1 java.lang.reflect.Method.invoke(Ljava/lang/Object;[Ljava/lang/Object;)Ljava/lang/Object; java.base@21.0.12 (108 bytes) @ 0x000001eb110ae65c [0x000001eb110ae140+0x000000000000051c]
j  net.neoforged.fml.loading.targets.CommonLaunchHandler.runTarget(Ljava/lang/String;[Ljava/lang/String;Ljava/lang/ModuleLayer;)V+42 fml_loader@4.0.43
j  net.neoforged.fml.loading.targets.CommonLaunchHandler.clientService([Ljava/lang/String;Ljava/lang/ModuleLayer;)V+6 fml_loader@4.0.43
j  net.neoforged.fml.loading.targets.CommonClientLaunchHandler.runService([Ljava/lang/String;Ljava/lang/ModuleLayer;)V+3 fml_loader@4.0.43
j  net.neoforged.fml.loading.targets.CommonLaunchHandler.lambda$launchService$4([Ljava/lang/String;Ljava/lang/ModuleLayer;)V+3 fml_loader@4.0.43
j  net.neoforged.fml.loading.targets.CommonLaunchHandler$$Lambda+0x000001eb293f0f18.run()V+12 fml_loader@4.0.43
j  cpw.mods.modlauncher.LaunchServiceHandlerDecorator.launch([Ljava/lang/String;Ljava/lang/ModuleLayer;)V+11 cpw.mods.modlauncher@11.0.5
j  cpw.mods.modlauncher.LaunchServiceHandler.launch(Ljava/lang/String;[Ljava/lang/String;Ljava/lang/ModuleLayer;Lcpw/mods/modlauncher/TransformingClassLoader;Lcpw/mods/modlauncher/LaunchPluginHandler;)V+58 cpw.mods.modlauncher@11.0.5
j  cpw.mods.modlauncher.LaunchServiceHandler.launch(Lcpw/mods/modlauncher/ArgumentHandler;Ljava/lang/ModuleLayer;Lcpw/mods/modlauncher/TransformingClassLoader;Lcpw/mods/modlauncher/LaunchPluginHandler;)V+21 cpw.mods.modlauncher@11.0.5
j  cpw.mods.modlauncher.Launcher.run([Ljava/lang/String;)V+288 cpw.mods.modlauncher@11.0.5
j  cpw.mods.modlauncher.Launcher.main([Ljava/lang/String;)V+123 cpw.mods.modlauncher@11.0.5
j  cpw.mods.modlauncher.BootstrapLaunchConsumer.accept([Ljava/lang/String;)V+1 cpw.mods.modlauncher@11.0.5
j  cpw.mods.modlauncher.BootstrapLaunchConsumer.accept(Ljava/lang/Object;)V+5 cpw.mods.modlauncher@11.0.5
j  cpw.mods.bootstraplauncher.BootstrapLauncher.run(Z[Ljava/lang/String;)V+703 cpw.mods.bootstraplauncher@2.0.2
j  cpw.mods.bootstraplauncher.BootstrapLauncher.main([Ljava/lang/String;)V+2 cpw.mods.bootstraplauncher@2.0.2
v  ~StubRoutines::call_stub 0x000001eb1788100d

siginfo: EXCEPTION_ACCESS_VIOLATION (0xc0000005), reading address 0x0000000000000000


Registers:
RAX=0x000001eba3e49128, RBX=0x000001eba3e4910c, RCX=0x00000000569f1050, RDX=0x0000000000000000
RSP=0x0000000b123fe2c8, RBP=0x0000000000000038, RSI=0x0000000000000006, RDI=0x000001eb71fd2080
R8 =0x000000000000000c, R9 =0x00000000559c0000, R10=0x0000000000000000, R11=0x000001eba3e49128
R12=0x0000000000000004, R13=0x0000000000001403, R14=0x0000000000000000, R15=0x000001eb0599a900
RIP=0x00000000569f1050, EFLAGS=0x0000000000010206

XMM[0]=0x000001eb6fd10170 0x000001eb00000002
XMM[1]=0x0000000000000000 0x000001eb00003840
XMM[2]=0x0000000000000000 0x0000000000000000
XMM[3]=0x0000000000000000 0x0000000000000000
XMM[4]=0x0000000000000000 0x0000000000000000
XMM[5]=0x0000000000000000 0x0000000000000000
XMM[6]=0x0000000000000000 0x000000004309f1c7
XMM[7]=0x0000000000000000 0x00000000422c147b
XMM[8]=0x0000000000000000 0xb644e0efaa27282d
XMM[9]=0x0000000000000000 0xdbd8460c878c7044
XMM[10]=0x0000000000000000 0x00000000abb42a38
XMM[11]=0x0000000000000000 0x1f041609a690864d
XMM[12]=0x0000000000000000 0x00000000878c7044
XMM[13]=0x0000000000000000 0x405e066666666666
XMM[14]=0x0000000000000000 0x40314ccccccccccc
XMM[15]=0x0000000000000000 0x000001eb723300e0
  MXCSR=0x00001fa7


Register to memory mapping:

RAX=0x000001eba3e49128 points into unknown readable memory: 0x0000000b123fc420 | 20 c4 3f 12 0b 00 00 00
RBX=0x000001eba3e4910c points into unknown readable memory: 06 c0 01 00
RCX=0x00000000569f1050 nvoglv64.DLL
RDX=0x0 is null
RSP=0x0000000b123fe2c8 is pointing into the stack for thread: 0x000001eb0599a900
RBP=0x0000000000000038 is an unknown value
RSI=0x0000000000000006 is an unknown value
RDI=0x000001eb71fd2080 points into unknown readable memory: 0x0000000000000000 | 00 00 00 00 00 00 00 00
R8 =0x000000000000000c is an unknown value
R9 =0x00000000559c0000 nvoglv64.DLL
R10=0x0 is null
R11=0x000001eba3e49128 points into unknown readable memory: 0x0000000b123fc420 | 20 c4 3f 12 0b 00 00 00
R12=0x0000000000000004 is an unknown value
R13=0x0000000000001403 is an unknown value
R14=0x0 is null
R15=0x000001eb0599a900 is a thread

Top of Stack: (sp=0x0000000b123fe2c8)
0x0000000b123fe2c8:   000000005620097c 000001eb0599a900   |. V............
0x0000000b123fe2d8:   000001eb8089b9ac 0000000000000000   ................
0x0000000b123fe2e8:   00007ff9cad17cb2 0000000000000103   .|..............
0x0000000b123fe2f8:   0000000b11f73000 0000000000029eb0   .0..............
0x0000000b123fe308:   0000000000024134 000000000000ffff   4A..............
0x0000000b123fe318:   0000000000000009 0000000000000001   ................
0x0000000b123fe328:   000001eb183c88b7 0000000b123fe3c0   ..<.......?.....
0x0000000b123fe338:   0000000b123fe610 0000000000000000   ..?.............
0x0000000b123fe348:   0000000000000000 000001eb6b381718   ..........8k....
0x0000000b123fe358:   000001eb184b9fc1 0000000b123fe3d0   ..K.......?.....
0x0000000b123fe368:   00007ff90000000c 000001eb0599a900   ................
0x0000000b123fe378:   000000000000016a 0000000000001403   j...............
0x0000000b123fe388:   0000000000000000 0000000b123fe660   ........`.?.....
0x0000000b123fe398:   000001eb10a0492c 00000000422c147b   ,I......{.,B....
0x0000000b123fe3a8:   0000000000000000 000000004309f1c7   ...........C....
0x0000000b123fe3b8:   0000000000000000 00000007ffbcbae8   ................
0x0000000b123fe3c8:   0000000000000030 0000000b123fe660   0.......`.?.....
0x0000000b123fe3d8:   000001eb11216c9c 0000000b123fe660   .l!.....`.?.....
0x0000000b123fe3e8:   000001eb10a8c9ac 0000000b123fe6c8   ..........?.....
0x0000000b123fe3f8:   000001eb6fe458b0 0000000000000072   .X.o....r.......
0x0000000b123fe408:   000001eb18535fb7 000000072a1e3210   ._S......2.*....
0x0000000b123fe418:   000001eb0599a900 0000000b123fe660   ........`.?.....
0x0000000b123fe428:   000001eb1087621c 00000007064388a0   .b........C.....
0x0000000b123fe438:   00000007289f3d18 0000000b123fe660   .=.(....`.?.....
0x0000000b123fe448:   000001eb11075cf4 0000000000000000   .\..............
0x0000000b123fe458:   000001eb18761bac 00000007ffbcb3e0   ..v.............
0x0000000b123fe468:   0000000b123fe4d0 0000000b123fe660   ..?.....`.?.....
0x0000000b123fe478:   000001eb10875c7c 000001eb277a3160   |\......`1z'....
0x0000000b123fe488:   000000070ab809f8 0000000b123fe660   ........`.?.....
0x0000000b123fe498:   000001eb1044d954 00000007064388a0   T.D.......C.....
0x0000000b123fe4a8:   000001eb107a7acc 0000000b123fe7e0   .zz.......?.....
0x0000000b123fe4b8:   000001eb183f20b7 000000072a1b7410   . ?......t.*....

Instructions: (pc=0x00000000569f1050)
0x00000000569f0f50:   0f 03 01 9f 0f 03 01 db 0f 03 01 e0 0f 03 01 f0
0x00000000569f0f60:   0f 03 01 00 10 03 01 98 0f 03 01 30 10 03 01 40
0x00000000569f0f70:   10 03 01 c0 0f 03 01 50 10 03 01 18 10 03 01 60
0x00000000569f0f80:   10 03 01 80 10 03 01 b5 0f 03 01 0f 1f 44 00 00
0x00000000569f0f90:   c3 0f b7 0a 66 89 08 c3 48 8b 0a 48 89 08 c3 0f
0x00000000569f0fa0:   b7 0a 44 0f b6 42 02 66 89 08 44 88 40 02 c3 0f
0x00000000569f0fb0:   b6 0a 88 08 c3 f3 0f 6f 02 f3 0f 7f 00 c3 66 90
0x00000000569f0fc0:   4c 8b 02 0f b7 4a 08 44 0f b6 4a 0a 4c 89 00 66
0x00000000569f0fd0:   89 48 08 44 88 48 0a 49 8b cb c3 8b 0a 89 08 c3
0x00000000569f0fe0:   8b 0a 44 0f b6 42 04 89 08 44 88 40 04 c3 66 90
0x00000000569f0ff0:   8b 0a 44 0f b7 42 04 89 08 66 44 89 40 04 c3 90
0x00000000569f1000:   8b 0a 44 0f b7 42 04 44 0f b6 4a 06 89 08 66 44
0x00000000569f1010:   89 40 04 44 88 48 06 c3 4c 8b 02 8b 4a 08 44 0f
0x00000000569f1020:   b6 4a 0c 4c 89 00 89 48 08 44 88 48 0c c3 66 90
0x00000000569f1030:   4c 8b 02 0f b6 4a 08 4c 89 00 88 48 08 c3 66 90
0x00000000569f1040:   4c 8b 02 0f b7 4a 08 4c 89 00 66 89 48 08 c3 90
0x00000000569f1050:   4c 8b 02 8b 4a 08 4c 89 00 89 48 08 c3 0f 1f 00
0x00000000569f1060:   4c 8b 02 8b 4a 08 44 0f b7 4a 0c 4c 89 00 89 48
0x00000000569f1070:   08 66 44 89 48 0c c3 66 0f 1f 84 00 00 00 00 00
0x00000000569f1080:   4c 8b 02 8b 4a 08 44 0f b7 4a 0c 44 0f b6 52 0e
0x00000000569f1090:   4c 89 00 89 48 08 66 44 89 48 0c 44 88 50 0e c3
0x00000000569f10a0:   0f 10 04 0a 4c 03 c1 48 83 c1 10 41 f6 c3 0f 74
0x00000000569f10b0:   13 0f 28 c8 48 83 e1 f0 0f 10 04 0a 48 83 c1 10
0x00000000569f10c0:   41 0f 11 0b 4c 2b c1 4d 8b c8 49 c1 e9 07 0f 84
0x00000000569f10d0:   88 00 00 00 0f 29 41 f0 4c 3b 0d 41 21 0d 01 76
0x00000000569f10e0:   17 e9 c2 00 00 00 66 66 0f 1f 84 00 00 00 00 00
0x00000000569f10f0:   0f 29 41 e0 0f 29 49 f0 0f 10 04 0a 0f 10 4c 0a
0x00000000569f1100:   10 48 81 c1 80 00 00 00 0f 29 41 80 0f 29 49 90
0x00000000569f1110:   0f 10 44 0a a0 0f 10 4c 0a b0 49 ff c9 0f 29 41
0x00000000569f1120:   a0 0f 29 49 b0 0f 10 44 0a c0 0f 10 4c 0a d0 0f
0x00000000569f1130:   29 41 c0 0f 29 49 d0 0f 10 44 0a e0 0f 10 4c 0a
0x00000000569f1140:   f0 75 ad 0f 29 41 e0 49 83 e0 7f 0f 28 c1 eb 0c


Stack slot to memory mapping:

stack at sp + 0 slots: 0x000000005620097c nvoglv64.DLL
stack at sp + 1 slots: 0x000001eb0599a900 is a thread
stack at sp + 2 slots: 0x000001eb8089b9ac is pointing into metadata
stack at sp + 3 slots: 0x0 is null
stack at sp + 4 slots: 0x00007ff9cad17cb2 jvm.dll
stack at sp + 5 slots: 0x0000000000000103 is an unknown value
stack at sp + 6 slots: 0x0000000b11f73000 points into unknown readable memory: 0x0000000000000000 | 00 00 00 00 00 00 00 00
stack at sp + 7 slots: 0x0000000000029eb0 is an unknown value


Compiled method (n/a) 13375 6586     n 0       org.lwjgl.opengl.GL11C::nglDrawElements (native)
 total in heap  [0x000001eb184b9d10,0x000001eb184ba0f0] = 992
 relocation     [0x000001eb184b9e70,0x000001eb184b9ea8] = 56
 main code      [0x000001eb184b9ec0,0x000001eb184ba0e5] = 549
 stub code      [0x000001eb184ba0e5,0x000001eb184ba0e8] = 3
 oops           [0x000001eb184ba0e8,0x000001eb184ba0f0] = 8

[Constant Pool (empty)]

[MachCode]
[Entry Point]
  # {method} {0x000001eb6a0084c8} 'nglDrawElements' '(IIIJ)V' in 'org/lwjgl/opengl/GL11C'
  # parm0:    rdx       = int
  # parm1:    r8        = int
  # parm2:    r9        = int
  # parm3:    rdi:rdi   = long
  #           [sp+0x80]  (sp of caller)
  0x000001eb184b9ec0: 448b 5208 | 49bb 0000 | 0028 eb01 | 0000 4d03 | d349 3bc2 | 0f84 0600 

  0x000001eb184b9ed8: ;   {runtime_call ic_miss_stub}
  0x000001eb184b9ed8: 0000 e9a1 | 4841 ff90 
[Verified Entry Point]
  0x000001eb184b9ee0: 8984 2400 | 80ff ff55 | 488b ec48 | 83ec 7090 | 4181 7f20 | 0c00 0000 

  0x000001eb184b9ef8: ;   {runtime_call StubRoutines (final stubs)}
  0x000001eb184b9ef8: 7405 e8e1 | c53f ff48 | 897c 2428 | 4c89 4c24 | 204d 8bc8 

  0x000001eb184b9f0c: ;   {oop(a 'java/lang/Class'{0x00000007ffbcbae8} = 'org/lwjgl/opengl/GL11C')}
  0x000001eb184b9f0c: 4c8b c249 | bee8 babc | ff07 0000 | 004c 8974 | 2460 4c8d | 7424 6049 | 8bd6 c5f8 

  0x000001eb184b9f28: ;   {internal_word}
  0x000001eb184b9f28: 7749 ba26 | 9f4b 18eb | 0100 004d | 8997 a803 | 0000 4989 | a7a0 0300 

  0x000001eb184b9f40: ;   {external_word}
  0x000001eb184b9f40: 0049 bac6 | 6c61 cbf9 | 7f00 0041 | 803a 000f | 844e 0000 | 0052 4150 

  0x000001eb184b9f58: ;   {metadata({method} {0x000001eb6a0084c8} 'nglDrawElements' '(IIIJ)V' in 'org/lwjgl/opengl/GL11C')}
  0x000001eb184b9f58: 4151 48ba | c084 006a | eb01 0000 | 498b cf48 | 83ec 2040 | f6c4 0f0f | 8419 0000 | 0048 83ec 
  0x000001eb184b9f78: ;   {runtime_call}
  0x000001eb184b9f78: 0848 b8e0 | ea0a cbf9 | 7f00 00ff | d048 83c4 | 08e9 0c00 

  0x000001eb184b9f8c: ;   {runtime_call}
  0x000001eb184b9f8c: 0000 48b8 | e0ea 0acb | f97f 0000 | ffd0 4883 | c420 4159 | 4158 5a49 | 8d8f c003 | 0000 41c7 
  0x000001eb184b9fac: 874c 0400 | 0004 0000 

  0x000001eb184b9fb4: ;   {runtime_call}
  0x000001eb184b9fb4: 0048 b8e0 | c64e 56fa | 7f00 00ff | d0c5 f877 | 41c7 874c | 0400 0005 | 0000 00f0 | 8344 24c0 
  0x000001eb184b9fd4: 0049 3baf | 5004 0000 | 0f87 0e00 | 0000 4183 | bf48 0400 | 0000 0f84 | 2300 0000 | c5f8 7749 
  0x000001eb184b9ff4: 8bcf 4c8b | e448 83ec | 2048 83e4 

  0x000001eb184ba000: ;   {runtime_call}
  0x000001eb184ba000: f048 b800 | 58d6 caf9 | 7f00 00ff | d049 8be4 | 4d33 e441 | c787 4c04 | 0000 0800 | 0000 4183 
  0x000001eb184ba020: bfc8 0400 | 0002 0f84 | 9400 0000 

  0x000001eb184ba02c: ;   {external_word}
  0x000001eb184ba02c: 49ba c66c | 61cb f97f | 0000 4180 | 3a00 0f84 | 4400 0000 

  0x000001eb184ba040: ;   {metadata({method} {0x000001eb6a0084c8} 'nglDrawElements' '(IIIJ)V' in 'org/lwjgl/opengl/GL11C')}
  0x000001eb184ba040: 48ba c084 | 006a eb01 | 0000 498b | cf48 83ec | 2040 f6c4 | 0f0f 8419 | 0000 0048 

  0x000001eb184ba05c: ;   {runtime_call}
  0x000001eb184ba05c: 83ec 0848 | b8e0 ea0a | cbf9 7f00 | 00ff d048 | 83c4 08e9 | 0c00 0000 

  0x000001eb184ba074: ;   {runtime_call}
  0x000001eb184ba074: 48b8 e0ea | 0acb f97f | 0000 ffd0 | 4883 c420 | 49c7 87a0 | 0300 0000 | 0000 0049 | c787 a803 
  0x000001eb184ba094: 0000 0000 | 0000 c5f8 | 7749 8b8f | 3004 0000 | c781 0001 | 0000 0000 | 0000 c949 | 837f 0800 
  0x000001eb184ba0b4: 0f85 0100 

  0x000001eb184ba0b8: ;   {runtime_call StubRoutines (initial stubs)}
  0x000001eb184ba0b8: 0000 c3e9 | 406e 3cff | c5f8 774c | 8be4 4883 | ec20 4883 

  0x000001eb184ba0cc: ;   {runtime_call}
  0x000001eb184ba0cc: e4f0 48b8 | 3022 0bcb | f97f 0000 | ffd0 498b | e44d 33e4 | e947 ffff | fff4 f4f4 
[/MachCode]


Compiled method (c1) 13379 8198       3       org.lwjgl.opengl.GL11C::glDrawElements (8 bytes)
 total in heap  [0x000001eb11216a90,0x000001eb11216dd8] = 840
 relocation     [0x000001eb11216bf0,0x000001eb11216c30] = 64
 main code      [0x000001eb11216c40,0x000001eb11216d18] = 216
 stub code      [0x000001eb11216d18,0x000001eb11216d58] = 64
 oops           [0x000001eb11216d58,0x000001eb11216d60] = 8
 metadata       [0x000001eb11216d60,0x000001eb11216d68] = 8
 scopes data    [0x000001eb11216d68,0x000001eb11216d90] = 40
 scopes pcs     [0x000001eb11216d90,0x000001eb11216dd0] = 64
 dependencies   [0x000001eb11216dd0,0x000001eb11216dd8] = 8

[Constant Pool (empty)]

[MachCode]
[Verified Entry Point]
  # {method} {0x000001eb6a0085b0} 'glDrawElements' '(IIIJ)V' in 'org/lwjgl/opengl/GL11C'
  # parm0:    rdx       = int
  # parm1:    r8        = int
  # parm2:    r9        = int
  # parm3:    rdi:rdi   = long
  #           [sp+0x50]  (sp of caller)
  0x000001eb11216c40: 8984 2400 | 80ff ff55 | 4883 ec40 | 4181 7f20 | 0c00 0000 

  0x000001eb11216c54: ;   {runtime_call StubRoutines (final stubs)}
  0x000001eb11216c54: 7405 e885 

  0x000001eb11216c58: ;   {metadata(method data for {method} {0x000001eb6a0085b0} 'glDrawElements' '(IIIJ)V' in 'org/lwjgl/opengl/GL11C')}
  0x000001eb11216c58: f869 0648 | be18 1738 | 6beb 0100 | 008b 9ecc | 0000 0083 | c302 899e | cc00 0000 | 81e3 fe07 
  0x000001eb11216c78: 0000 85db | 0f84 3500 

  0x000001eb11216c80: ;   {metadata(method data for {method} {0x000001eb6a0085b0} 'glDrawElements' '(IIIJ)V' in 'org/lwjgl/opengl/GL11C')}
  0x000001eb11216c80: 0000 48be | 1817 386b | eb01 0000 | 4883 8610 | 0100 0001 

  0x000001eb11216c94: ;   {static_call}
  0x000001eb11216c94: 6666 90e8 

  0x000001eb11216c98: ; ImmutableOopMap {}
                      ;*invokestatic nglDrawElements {reexecute=0 rethrow=0 return_oop=0}
                      ; - org.lwjgl.opengl.GL11C::glDrawElements@4 (line 543)
  0x000001eb11216c98: 4432 2a07 

  0x000001eb11216c9c: ;   {other}
  0x000001eb11216c9c: 0f1f 8400 | 0c02 0000 | 4883 c440 

  0x000001eb11216ca8: ;   {poll_return}
  0x000001eb11216ca8: 5d49 3ba7 | 5004 0000 | 0f87 1f00 

  0x000001eb11216cb4: ;   {metadata({method} {0x000001eb6a0085b0} 'glDrawElements' '(IIIJ)V' in 'org/lwjgl/opengl/GL11C')}
  0x000001eb11216cb4: 0000 c349 | baa8 8500 | 6aeb 0100 | 004c 8954 | 2408 48c7 | 0424 ffff 

  0x000001eb11216ccc: ;   {runtime_call counter_overflow Runtime1 stub}
  0x000001eb11216ccc: ffff e82d 

  0x000001eb11216cd0: ; ImmutableOopMap {}
                      ;*synchronization entry
                      ; - org.lwjgl.opengl.GL11C::glDrawElements@-1 (line 543)
  0x000001eb11216cd0: bd77 06eb 

  0x000001eb11216cd4: ;   {internal_word}
  0x000001eb11216cd4: ad49 baa9 | 6c21 11eb | 0100 004d | 8997 6804 

  0x000001eb11216ce4: ;   {runtime_call SafepointBlob}
  0x000001eb11216ce4: 0000 e995 | e76b 0649 | 8b87 0005 | 0000 49c7 | 8700 0500 | 0000 0000 | 0049 c787 | 0805 0000 
  0x000001eb11216d04: 0000 0000 | 4883 c440 

  0x000001eb11216d0c: ;   {runtime_call unwind_exception Runtime1 stub}
  0x000001eb11216d0c: 5de9 ee3c | 7706 f4f4 | f4f4 f4f4 
[Stub Code]
  0x000001eb11216d18: ;   {no_reloc}
  0x000001eb11216d18: 48bb 0000 | 0000 0000 

  0x000001eb11216d20: ;   {runtime_call nmethod}
  0x000001eb11216d20: 0000 e9fb 

  0x000001eb11216d24: ;   {runtime_call handle_exception_from_callee Runtime1 stub}
  0x000001eb11216d24: ffff ffe8 | d485 7706 

  0x000001eb11216d2c: ;   {external_word}
  0x000001eb11216d2c: 48b9 4063 | 37cb f97f | 0000 4883 

  0x000001eb11216d38: ;   {runtime_call}
  0x000001eb11216d38: e4f0 48b8 | c0c9 f9ca | f97f 0000 

  0x000001eb11216d44: ;   {section_word}
  0x000001eb11216d44: ffd0 f449 | ba47 6d21 | 11eb 0100 

  0x000001eb11216d50: ;   {runtime_call DeoptimizationBlob}
  0x000001eb11216d50: 0041 52e9 | c8d9 6b06 
[/MachCode]


Compiled method (c1) 13381 15478       3       org.lwjgl.opengl.GL11::glDrawElements (8 bytes)
 total in heap  [0x000001eb10876010,0x000001eb10876358] = 840
 relocation     [0x000001eb10876170,0x000001eb108761b0] = 64
 main code      [0x000001eb108761c0,0x000001eb10876298] = 216
 stub code      [0x000001eb10876298,0x000001eb108762d8] = 64
 oops           [0x000001eb108762d8,0x000001eb108762e0] = 8
 metadata       [0x000001eb108762e0,0x000001eb108762e8] = 8
 scopes data    [0x000001eb108762e8,0x000001eb10876310] = 40
 scopes pcs     [0x000001eb10876310,0x000001eb10876350] = 64
 dependencies   [0x000001eb10876350,0x000001eb10876358] = 8

[Constant Pool (empty)]

[MachCode]
[Verified Entry Point]
  # {method} {0x000001eb804013e0} 'glDrawElements' '(IIIJ)V' in 'org/lwjgl/opengl/GL11'
  # parm0:    rdx       = int
  # parm1:    r8        = int
  # parm2:    r9        = int
  # parm3:    rdi:rdi   = long
  #           [sp+0x50]  (sp of caller)
  0x000001eb108761c0: 8984 2400 | 80ff ff55 | 4883 ec40 | 4181 7f20 | 0c00 0000 

  0x000001eb108761d4: ;   {runtime_call StubRoutines (final stubs)}
  0x000001eb108761d4: 7405 e805 

  0x000001eb108761d8: ;   {metadata(method data for {method} {0x000001eb804013e0} 'glDrawElements' '(IIIJ)V' in 'org/lwjgl/opengl/GL11')}
  0x000001eb108761d8: 0304 0748 | bed0 998f | 81eb 0100 | 008b 9ecc | 0000 0083 | c302 899e | cc00 0000 | 81e3 fe07 
  0x000001eb108761f8: 0000 85db | 0f84 3500 

  0x000001eb10876200: ;   {metadata(method data for {method} {0x000001eb804013e0} 'glDrawElements' '(IIIJ)V' in 'org/lwjgl/opengl/GL11')}
  0x000001eb10876200: 0000 48be | d099 8f81 | eb01 0000 | 4883 8610 | 0100 0001 

  0x000001eb10876214: ;   {static_call}
  0x000001eb10876214: 6666 90e8 

  0x000001eb10876218: ; ImmutableOopMap {}
                      ;*invokestatic glDrawElements {reexecute=0 rethrow=0 return_oop=0}
                      ; - org.lwjgl.opengl.GL11::glDrawElements@4 (line 1870)
  0x000001eb10876218: 240a 9a00 

  0x000001eb1087621c: ;   {other}
  0x000001eb1087621c: 0f1f 8400 | 0c02 0000 | 4883 c440 

  0x000001eb10876228: ;   {poll_return}
  0x000001eb10876228: 5d49 3ba7 | 5004 0000 | 0f87 1f00 

  0x000001eb10876234: ;   {metadata({method} {0x000001eb804013e0} 'glDrawElements' '(IIIJ)V' in 'org/lwjgl/opengl/GL11')}
  0x000001eb10876234: 0000 c349 | bad8 1340 | 80eb 0100 | 004c 8954 | 2408 48c7 | 0424 ffff 

  0x000001eb1087624c: ;   {runtime_call counter_overflow Runtime1 stub}
  0x000001eb1087624c: ffff e8ad 

  0x000001eb10876250: ; ImmutableOopMap {}
                      ;*synchronization entry
                      ; - org.lwjgl.opengl.GL11::glDrawElements@-1 (line 1870)
  0x000001eb10876250: c711 07eb 

  0x000001eb10876254: ;   {internal_word}
  0x000001eb10876254: ad49 ba29 | 6287 10eb | 0100 004d | 8997 6804 

  0x000001eb10876264: ;   {runtime_call SafepointBlob}
  0x000001eb10876264: 0000 e915 | f205 0749 | 8b87 0005 | 0000 49c7 | 8700 0500 | 0000 0000 | 0049 c787 | 0805 0000 
  0x000001eb10876284: 0000 0000 | 4883 c440 

  0x000001eb1087628c: ;   {runtime_call unwind_exception Runtime1 stub}
  0x000001eb1087628c: 5de9 6e47 | 1107 f4f4 | f4f4 f4f4 
[Stub Code]
  0x000001eb10876298: ;   {no_reloc}
  0x000001eb10876298: 48bb 0000 | 0000 0000 

  0x000001eb108762a0: ;   {runtime_call nmethod}
  0x000001eb108762a0: 0000 e9fb 

  0x000001eb108762a4: ;   {runtime_call handle_exception_from_callee Runtime1 stub}
  0x000001eb108762a4: ffff ffe8 | 5490 1107 

  0x000001eb108762ac: ;   {external_word}
  0x000001eb108762ac: 48b9 4063 | 37cb f97f | 0000 4883 

  0x000001eb108762b8: ;   {runtime_call}
  0x000001eb108762b8: e4f0 48b8 | c0c9 f9ca | f97f 0000 

  0x000001eb108762c4: ;   {section_word}
  0x000001eb108762c4: ffd0 f449 | bac7 6287 | 10eb 0100 

  0x000001eb108762d0: ;   {runtime_call DeoptimizationBlob}
  0x000001eb108762d0: 0041 52e9 | 48e4 0507 
[/MachCode]


---------------  P R O C E S S  ---------------

Threads class SMR info:
_java_thread_list=0x000001eb0116ca10, length=60, elements={
0x000001eb0599a900, 0x000001eb6d0080a0, 0x000001eb6d00b290, 0x000001eb6d00ed30,
0x000001eb6d00fda0, 0x000001eb6d011800, 0x000001eb6d01c0a0, 0x000001eb6d024e40,
0x000001eb6d02d8f0, 0x000001eb6d07d5c0, 0x000001eb6d07dc70, 0x000001eb6d0c8960,
0x000001eb6d153c80, 0x000001eb6d3dabc0, 0x000001eb70b6e960, 0x000001eb713ffb60,
0x000001eb70c62b30, 0x000001eb6fffedb0, 0x000001eb6e54f2e0, 0x000001eb7036dfd0,
0x000001eb7036e640, 0x000001eb7036ecb0, 0x000001eb6e52a400, 0x000001eb6e5289c0,
0x000001eb6e529d70, 0x000001eb6e52aa90, 0x000001eb6e528330, 0x000001eb6e52b120,
0x000001eb6e52b7b0, 0x000001eb72465140, 0x000001eb70517e30, 0x000001eb705163f0,
0x000001eb70517110, 0x000001eb70518b50, 0x000001eb70516a80, 0x000001eb705191e0,
0x000001eb70515d60, 0x000001eb7051bfd0, 0x000001eb7051ccf0, 0x000001eb7051b940,
0x000001eb7051a590, 0x000001eb70519f00, 0x000001eb7051c660, 0x000001eb70519870,
0x000001eb7051ac20, 0x000001eb7051b2b0, 0x000001eb72463d90, 0x000001eb72460fa0,
0x000001eb72464ab0, 0x000001eb72461630, 0x000001eb72465e60, 0x000001eb72467f30,
0x000001eb724664f0, 0x000001eb72466b80, 0x000001eb72467210, 0x000001eb00e3d990,
0x000001eb00e3e6b0, 0x000001eb00e400f0, 0x000001eb00e40780, 0x000001eb7e02b130
}

Java Threads: ( => current thread )
=>0x000001eb0599a900 JavaThread "Render thread"                     [_thread_in_native, id=25212, stack(0x0000000b12300000,0x0000000b12400000) (1024K)]
  0x000001eb6d0080a0 JavaThread "Reference Handler"          daemon [_thread_blocked, id=255192, stack(0x0000000b12b00000,0x0000000b12c00000) (1024K)]
  0x000001eb6d00b290 JavaThread "Finalizer"                  daemon [_thread_blocked, id=23164, stack(0x0000000b12c00000,0x0000000b12d00000) (1024K)]
  0x000001eb6d00ed30 JavaThread "Signal Dispatcher"          daemon [_thread_blocked, id=329904, stack(0x0000000b12d00000,0x0000000b12e00000) (1024K)]
  0x000001eb6d00fda0 JavaThread "Attach Listener"            daemon [_thread_blocked, id=72588, stack(0x0000000b12e00000,0x0000000b12f00000) (1024K)]
  0x000001eb6d011800 JavaThread "Service Thread"             daemon [_thread_blocked, id=157448, stack(0x0000000b12f00000,0x0000000b13000000) (1024K)]
  0x000001eb6d01c0a0 JavaThread "Monitor Deflation Thread"   daemon [_thread_blocked, id=152592, stack(0x0000000b13000000,0x0000000b13100000) (1024K)]
  0x000001eb6d024e40 JavaThread "C2 CompilerThread0"         daemon [_thread_blocked, id=36424, stack(0x0000000b13100000,0x0000000b13200000) (1024K)]
  0x000001eb6d02d8f0 JavaThread "C1 CompilerThread0"         daemon [_thread_blocked, id=245080, stack(0x0000000b13200000,0x0000000b13300000) (1024K)]
  0x000001eb6d07d5c0 JavaThread "C1 CompilerThread1"         daemon [_thread_blocked, id=221372, stack(0x0000000b13300000,0x0000000b13400000) (1024K)]
  0x000001eb6d07dc70 JavaThread "C1 CompilerThread2"         daemon [_thread_blocked, id=325496, stack(0x0000000b13400000,0x0000000b13500000) (1024K)]
  0x000001eb6d0c8960 JavaThread "C1 CompilerThread3"         daemon [_thread_blocked, id=222436, stack(0x0000000b13500000,0x0000000b13600000) (1024K)]
  0x000001eb6d153c80 JavaThread "Common-Cleaner"             daemon [_thread_blocked, id=253612, stack(0x0000000b13700000,0x0000000b13800000) (1024K)]
  0x000001eb6d3dabc0 JavaThread "Notification Thread"        daemon [_thread_blocked, id=60760, stack(0x0000000b13800000,0x0000000b13900000) (1024K)]
  0x000001eb70b6e960 JavaThread "ForkJoinPool.commonPool-worker-1" daemon [_thread_blocked, id=110864, stack(0x0000000b14400000,0x0000000b14500000) (1024K)]
  0x000001eb713ffb60 JavaThread "ForkJoinPool.commonPool-worker-2" daemon [_thread_blocked, id=295000, stack(0x0000000b14500000,0x0000000b14600000) (1024K)]
  0x000001eb70c62b30 JavaThread "ForkJoinPool.commonPool-worker-3" daemon [_thread_blocked, id=31684, stack(0x0000000b14600000,0x0000000b14700000) (1024K)]
  0x000001eb6fffedb0 JavaThread "ForkJoinPool.commonPool-worker-4" daemon [_thread_blocked, id=341196, stack(0x0000000b14700000,0x0000000b14800000) (1024K)]
  0x000001eb6e54f2e0 JavaThread "ForkJoinPool.commonPool-worker-5" daemon [_thread_blocked, id=129632, stack(0x0000000b14800000,0x0000000b14900000) (1024K)]
  0x000001eb7036dfd0 JavaThread "ForkJoinPool.commonPool-worker-6" daemon [_thread_blocked, id=139764, stack(0x0000000b14900000,0x0000000b14a00000) (1024K)]
  0x000001eb7036e640 JavaThread "ForkJoinPool.commonPool-worker-7" daemon [_thread_blocked, id=319740, stack(0x0000000b14a00000,0x0000000b14b00000) (1024K)]
  0x000001eb7036ecb0 JavaThread "ForkJoinPool.commonPool-worker-8" daemon [_thread_blocked, id=324704, stack(0x0000000b14b00000,0x0000000b14c00000) (1024K)]
  0x000001eb6e52a400 JavaThread "ForkJoinPool.commonPool-worker-9" daemon [_thread_blocked, id=114412, stack(0x0000000b14c00000,0x0000000b14d00000) (1024K)]
  0x000001eb6e5289c0 JavaThread "ForkJoinPool.commonPool-worker-10" daemon [_thread_blocked, id=86928, stack(0x0000000b14d00000,0x0000000b14e00000) (1024K)]
  0x000001eb6e529d70 JavaThread "ForkJoinPool.commonPool-worker-11" daemon [_thread_blocked, id=80160, stack(0x0000000b14e00000,0x0000000b14f00000) (1024K)]
  0x000001eb6e52aa90 JavaThread "ForkJoinPool.commonPool-worker-12" daemon [_thread_blocked, id=66928, stack(0x0000000b14f00000,0x0000000b15000000) (1024K)]
  0x000001eb6e528330 JavaThread "ForkJoinPool.commonPool-worker-13" daemon [_thread_blocked, id=259848, stack(0x0000000b15000000,0x0000000b15100000) (1024K)]
  0x000001eb6e52b120 JavaThread "ForkJoinPool.commonPool-worker-14" daemon [_thread_blocked, id=172612, stack(0x0000000b15100000,0x0000000b15200000) (1024K)]
  0x000001eb6e52b7b0 JavaThread "ForkJoinPool.commonPool-worker-15" daemon [_thread_blocked, id=218872, stack(0x0000000b15200000,0x0000000b15300000) (1024K)]
  0x000001eb72465140 JavaThread "JNA Cleaner"                daemon [_thread_blocked, id=175496, stack(0x0000000b17600000,0x0000000b17700000) (1024K)]
  0x000001eb70517e30 JavaThread "Timer hack thread"          daemon [_thread_blocked, id=180180, stack(0x0000000b16e00000,0x0000000b16f00000) (1024K)]
  0x000001eb705163f0 JavaThread "Yggdrasil Key Fetcher"      daemon [_thread_blocked, id=122856, stack(0x0000000b17800000,0x0000000b17900000) (1024K)]
  0x000001eb70517110 JavaThread "Download-1"                 daemon [_thread_blocked, id=298808, stack(0x0000000b17900000,0x0000000b17a00000) (1024K)]
  0x000001eb70518b50 JavaThread "Download-2"                 daemon [_thread_blocked, id=225884, stack(0x0000000b17a00000,0x0000000b17b00000) (1024K)]
  0x000001eb70516a80 JavaThread "modloading-worker-0"        daemon [_thread_blocked, id=49692, stack(0x0000000b17200000,0x0000000b17300000) (1024K)]
  0x000001eb705191e0 JavaThread "modloading-worker-0"        daemon [_thread_blocked, id=114144, stack(0x0000000b17300000,0x0000000b17400000) (1024K)]
  0x000001eb70515d60 JavaThread "modloading-worker-0"        daemon [_thread_blocked, id=137424, stack(0x0000000b17400000,0x0000000b17500000) (1024K)]
  0x000001eb7051bfd0 JavaThread "modloading-sync-worker"     daemon [_thread_blocked, id=146392, stack(0x0000000b17c00000,0x0000000b17d00000) (1024K)]
  0x000001eb7051ccf0 JavaThread "Keep-Alive-Timer"           daemon [_thread_blocked, id=110516, stack(0x0000000b17d00000,0x0000000b17e00000) (1024K)]
  0x000001eb7051b940 JavaThread "FileSystemWatchService"     daemon [_thread_in_native, id=59220, stack(0x0000000b17e00000,0x0000000b17f00000) (1024K)]
  0x000001eb7051a590 JavaThread "config-file-watcher-0-0"    daemon [_thread_blocked, id=305064, stack(0x0000000b17f00000,0x0000000b18000000) (1024K)]
  0x000001eb70519f00 JavaThread "Sound engine"               daemon [_thread_blocked, id=96648, stack(0x0000000b18000000,0x0000000b18100000) (1024K)]
  0x000001eb7051c660 JavaThread "JavaCPP Deallocator"        daemon [_thread_blocked, id=65928, stack(0x0000000b17500000,0x0000000b17600000) (1024K)]
  0x000001eb70519870 JavaThread "Cleaner-0"                  daemon [_thread_blocked, id=127560, stack(0x0000000b13600000,0x0000000b13700000) (1024K)]
  0x000001eb7051ac20 JavaThread "Worker-Main-1"              daemon [_thread_blocked, id=296200, stack(0x0000000b16c00000,0x0000000b16d00000) (1024K)]
  0x000001eb7051b2b0 JavaThread "Worker-Main-2"              daemon [_thread_blocked, id=149040, stack(0x0000000b16f00000,0x0000000b17000000) (1024K)]
  0x000001eb72463d90 JavaThread "Worker-Main-3"              daemon [_thread_blocked, id=150280, stack(0x0000000b18100000,0x0000000b18200000) (1024K)]
  0x000001eb72460fa0 JavaThread "Worker-Main-4"              daemon [_thread_blocked, id=303476, stack(0x0000000b18300000,0x0000000b18400000) (1024K)]
  0x000001eb72464ab0 JavaThread "Worker-Main-5"              daemon [_thread_blocked, id=247536, stack(0x0000000b18400000,0x0000000b18500000) (1024K)]
  0x000001eb72461630 JavaThread "Worker-Main-6"              daemon [_thread_blocked, id=127648, stack(0x0000000b18500000,0x0000000b18600000) (1024K)]
  0x000001eb72465e60 JavaThread "Worker-Main-7"              daemon [_thread_blocked, id=43080, stack(0x0000000b18600000,0x0000000b18700000) (1024K)]
  0x000001eb72467f30 JavaThread "Worker-Main-8"              daemon [_thread_blocked, id=39116, stack(0x0000000b18700000,0x0000000b18800000) (1024K)]
  0x000001eb724664f0 JavaThread "Worker-Main-9"              daemon [_thread_blocked, id=181504, stack(0x0000000b18800000,0x0000000b18900000) (1024K)]
  0x000001eb72466b80 JavaThread "Worker-Main-10"             daemon [_thread_blocked, id=261300, stack(0x0000000b18900000,0x0000000b18a00000) (1024K)]
  0x000001eb72467210 JavaThread "Worker-Main-11"             daemon [_thread_blocked, id=286532, stack(0x0000000b18a00000,0x0000000b18b00000) (1024K)]
  0x000001eb00e3d990 JavaThread "Worker-Main-12"             daemon [_thread_blocked, id=156216, stack(0x0000000b18b00000,0x0000000b18c00000) (1024K)]
  0x000001eb00e3e6b0 JavaThread "Worker-Main-13"             daemon [_thread_blocked, id=110004, stack(0x0000000b18c00000,0x0000000b18d00000) (1024K)]
  0x000001eb00e400f0 JavaThread "Worker-Main-14"             daemon [_thread_blocked, id=59828, stack(0x0000000b18d00000,0x0000000b18e00000) (1024K)]
  0x000001eb00e40780 JavaThread "Worker-Main-15"             daemon [_thread_blocked, id=128068, stack(0x0000000b18e00000,0x0000000b18f00000) (1024K)]
  0x000001eb7e02b130 JavaThread "IO-Worker-1"                       [_thread_blocked, id=193508, stack(0x0000000b1a200000,0x0000000b1a300000) (1024K)]
Total: 60

Other Threads:
  0x000001eb2779c680 VMThread "VM Thread"                           [id=276328, stack(0x0000000b12a00000,0x0000000b12b00000) (1024K)]
  0x000001eb2778c1a0 WatcherThread "VM Periodic Task Thread"        [id=113076, stack(0x0000000b12900000,0x0000000b12a00000) (1024K)]
  0x000001eb07d92ea0 WorkerThread "GC Thread#0"                     [id=304952, stack(0x0000000b12400000,0x0000000b12500000) (1024K)]
  0x000001eb6d4f4a40 WorkerThread "GC Thread#1"                     [id=328548, stack(0x0000000b13b00000,0x0000000b13c00000) (1024K)]
  0x000001eb6d4f4df0 WorkerThread "GC Thread#2"                     [id=85276, stack(0x0000000b13c00000,0x0000000b13d00000) (1024K)]
  0x000001eb6d4f51a0 WorkerThread "GC Thread#3"                     [id=195700, stack(0x0000000b13d00000,0x0000000b13e00000) (1024K)]
  0x000001eb6d8a27a0 WorkerThread "GC Thread#4"                     [id=128184, stack(0x0000000b13e00000,0x0000000b13f00000) (1024K)]
  0x000001eb6d8a2b50 WorkerThread "GC Thread#5"                     [id=66892, stack(0x0000000b13f00000,0x0000000b14000000) (1024K)]
  0x000001eb6e49f8f0 WorkerThread "GC Thread#6"                     [id=291912, stack(0x0000000b16400000,0x0000000b16500000) (1024K)]
  0x000001eb6e4a0050 WorkerThread "GC Thread#7"                     [id=104528, stack(0x0000000b16500000,0x0000000b16600000) (1024K)]
  0x000001eb7171e9f0 WorkerThread "GC Thread#8"                     [id=268748, stack(0x0000000b16600000,0x0000000b16700000) (1024K)]
  0x000001eb7171f150 WorkerThread "GC Thread#9"                     [id=38020, stack(0x0000000b16700000,0x0000000b16800000) (1024K)]
  0x000001eb7171e290 WorkerThread "GC Thread#10"                    [id=145456, stack(0x0000000b16800000,0x0000000b16900000) (1024K)]
  0x000001eb7171e640 WorkerThread "GC Thread#11"                    [id=250708, stack(0x0000000b16900000,0x0000000b16a00000) (1024K)]
  0x000001eb7171dee0 WorkerThread "GC Thread#12"                    [id=292512, stack(0x0000000b16a00000,0x0000000b16b00000) (1024K)]
  0x000001eb07da4ab0 ConcurrentGCThread "G1 Main Marker"            [id=87312, stack(0x0000000b12500000,0x0000000b12600000) (1024K)]
  0x000001eb07da6c80 WorkerThread "G1 Conc#0"                       [id=346532, stack(0x0000000b12600000,0x0000000b12700000) (1024K)]
  0x000001eb71720b20 WorkerThread "G1 Conc#1"                       [id=296448, stack(0x0000000b17000000,0x0000000b17100000) (1024K)]
  0x000001eb71721630 WorkerThread "G1 Conc#2"                       [id=97224, stack(0x0000000b17100000,0x0000000b17200000) (1024K)]
  0x000001eb27650440 ConcurrentGCThread "G1 Refine#0"               [id=352108, stack(0x0000000b12700000,0x0000000b12800000) (1024K)]
  0x000001eb27651c80 ConcurrentGCThread "G1 Service"                [id=318312, stack(0x0000000b12800000,0x0000000b12900000) (1024K)]
Total: 21

Threads with active compile tasks:
Total: 0

VM state: not at safepoint (normal execution)

VM Mutex/Monitor currently owned by a thread: None

Heap address: 0x0000000701600000, size: 4074 MB, Compressed Oops mode: Zero based, Oop shift amount: 3

CDS archive(s) mapped at: [0x000001eb28000000-0x000001eb28c80000-0x000001eb28c80000), size 13107200, SharedBaseAddress: 0x000001eb28000000, ArchiveRelocationMode: 1.
Compressed class space mapped at: 0x000001eb29000000-0x000001eb69000000, reserved size: 1073741824
Narrow klass base: 0x000001eb28000000, Narrow klass shift: 0, Narrow klass range: 0x100000000

GC Precious Log:
 CardTable entry size: 512
 Card Set container configuration: InlinePtr #cards 4 size 8 Array Of Cards #cards 16 size 48 Howl #buckets 8 coarsen threshold 3686 Howl Bitmap #cards 512 size 80 coarsen threshold 460 Card regions per heap region 1 cards per card region 4096
 CPUs: 16 total, 16 available
 Memory: 16291M
 Large Page Support: Disabled
 NUMA Support: Disabled
 Compressed Oops: Enabled (Zero based)
 Heap Region Size: 2M
 Heap Min Capacity: 8M
 Heap Initial Capacity: 256M
 Heap Max Capacity: 4074M
 Pre-touch: Disabled
 Parallel Workers: 13
 Concurrent Workers: 3
 Concurrent Refinement Workers: 13
 Periodic GC: Disabled

Heap:
 garbage-first heap   total 774144K, used 393651K [0x0000000701600000, 0x0000000800000000)
  region size 2048K, 69 young (141312K), 24 survivors (49152K)
 Metaspace       used 105977K, committed 107392K, reserved 1179648K
  class space    used 16196K, committed 16832K, reserved 1048576K

Heap Regions: E=young(eden), S=young(survivor), O=old, HS=humongous(starts), HC=humongous(continues), CS=collection set, F=free, TAMS=top-at-mark-start, PB=parsable bottom
|   0|0x0000000701600000, 0x0000000701800000, 0x0000000701800000|100%|HS|  |TAMS 0x0000000701600000| PB 0x0000000701600000| Complete 
|   1|0x0000000701800000, 0x0000000701a00000, 0x0000000701a00000|100%| O|  |TAMS 0x0000000701800000| PB 0x0000000701800000| Untracked 
|   2|0x0000000701a00000, 0x0000000701c00000, 0x0000000701c00000|100%| O|  |TAMS 0x0000000701a00000| PB 0x0000000701a00000| Untracked 
|   3|0x0000000701c00000, 0x0000000701e00000, 0x0000000701e00000|100%| O|  |TAMS 0x0000000701c00000| PB 0x0000000701c00000| Untracked 
|   4|0x0000000701e00000, 0x0000000702000000, 0x0000000702000000|100%| O|  |TAMS 0x0000000701e00000| PB 0x0000000701e00000| Untracked 
|   5|0x0000000702000000, 0x0000000702200000, 0x0000000702200000|100%| O|  |TAMS 0x0000000702000000| PB 0x0000000702000000| Untracked 
|   6|0x0000000702200000, 0x0000000702400000, 0x0000000702400000|100%|HS|  |TAMS 0x0000000702200000| PB 0x0000000702200000| Complete 
|   7|0x0000000702400000, 0x0000000702600000, 0x0000000702600000|100%|HS|  |TAMS 0x0000000702400000| PB 0x0000000702400000| Complete 
|   8|0x0000000702600000, 0x0000000702800000, 0x0000000702800000|100%| O|  |TAMS 0x0000000702600000| PB 0x0000000702600000| Untracked 
|   9|0x0000000702800000, 0x0000000702a00000, 0x0000000702a00000|100%| O|  |TAMS 0x0000000702800000| PB 0x0000000702800000| Untracked 
|  10|0x0000000702a00000, 0x0000000702c00000, 0x0000000702c00000|100%| O|  |TAMS 0x0000000702a00000| PB 0x0000000702a00000| Untracked 
|  11|0x0000000702c00000, 0x0000000702e00000, 0x0000000702e00000|100%|HS|  |TAMS 0x0000000702c00000| PB 0x0000000702c00000| Complete 
|  12|0x0000000702e00000, 0x0000000703000000, 0x0000000703000000|100%|HC|  |TAMS 0x0000000702e00000| PB 0x0000000702e00000| Complete 
|  13|0x0000000703000000, 0x0000000703200000, 0x0000000703200000|100%|HC|  |TAMS 0x0000000703000000| PB 0x0000000703000000| Complete 
|  14|0x0000000703200000, 0x0000000703400000, 0x0000000703400000|100%|HC|  |TAMS 0x0000000703200000| PB 0x0000000703200000| Complete 
|  15|0x0000000703400000, 0x0000000703600000, 0x0000000703600000|100%|HC|  |TAMS 0x0000000703400000| PB 0x0000000703400000| Complete 
|  16|0x0000000703600000, 0x0000000703800000, 0x0000000703800000|100%|HC|  |TAMS 0x0000000703600000| PB 0x0000000703600000| Complete 
|  17|0x0000000703800000, 0x0000000703a00000, 0x0000000703a00000|100%| O|  |TAMS 0x0000000703800000| PB 0x0000000703800000| Untracked 
|  18|0x0000000703a00000, 0x0000000703c00000, 0x0000000703c00000|100%| O|  |TAMS 0x0000000703a00000| PB 0x0000000703a00000| Untracked 
|  19|0x0000000703c00000, 0x0000000703e00000, 0x0000000703e00000|100%| O|  |TAMS 0x0000000703c00000| PB 0x0000000703c00000| Untracked 
|  20|0x0000000703e00000, 0x0000000704000000, 0x0000000704000000|100%| O|  |TAMS 0x0000000703e00000| PB 0x0000000703e00000| Untracked 
|  21|0x0000000704000000, 0x0000000704200000, 0x0000000704200000|100%| O|  |TAMS 0x0000000704000000| PB 0x0000000704000000| Untracked 
|  22|0x0000000704200000, 0x0000000704400000, 0x0000000704400000|100%| O|  |TAMS 0x0000000704200000| PB 0x0000000704200000| Untracked 
|  23|0x0000000704400000, 0x0000000704600000, 0x0000000704600000|100%| O|Cm|TAMS 0x0000000704400000| PB 0x0000000704400000| Complete 
|  24|0x0000000704600000, 0x0000000704800000, 0x0000000704800000|100%| O|  |TAMS 0x0000000704600000| PB 0x0000000704600000| Untracked 
|  25|0x0000000704800000, 0x0000000704a00000, 0x0000000704a00000|100%| O|  |TAMS 0x0000000704800000| PB 0x0000000704800000| Untracked 
|  26|0x0000000704a00000, 0x0000000704c00000, 0x0000000704c00000|100%| O|  |TAMS 0x0000000704a00000| PB 0x0000000704a00000| Untracked 
|  27|0x0000000704c00000, 0x0000000704e00000, 0x0000000704e00000|100%| O|  |TAMS 0x0000000704c00000| PB 0x0000000704c00000| Untracked 
|  28|0x0000000704e00000, 0x0000000705000000, 0x0000000705000000|100%| O|  |TAMS 0x0000000704e00000| PB 0x0000000704e00000| Untracked 
|  29|0x0000000705000000, 0x0000000705200000, 0x0000000705200000|100%| O|  |TAMS 0x0000000705000000| PB 0x0000000705000000| Untracked 
|  30|0x0000000705200000, 0x0000000705400000, 0x0000000705400000|100%| O|  |TAMS 0x0000000705200000| PB 0x0000000705200000| Untracked 
|  31|0x0000000705400000, 0x0000000705600000, 0x0000000705600000|100%| O|  |TAMS 0x0000000705400000| PB 0x0000000705400000| Untracked 
|  32|0x0000000705600000, 0x0000000705800000, 0x0000000705800000|100%| O|  |TAMS 0x0000000705600000| PB 0x0000000705600000| Untracked 
|  33|0x0000000705800000, 0x0000000705a00000, 0x0000000705a00000|100%| O|  |TAMS 0x0000000705800000| PB 0x0000000705800000| Untracked 
|  34|0x0000000705a00000, 0x0000000705c00000, 0x0000000705c00000|100%| O|  |TAMS 0x0000000705a00000| PB 0x0000000705a00000| Untracked 
|  35|0x0000000705c00000, 0x0000000705e00000, 0x0000000705e00000|100%| O|  |TAMS 0x0000000705c00000| PB 0x0000000705c00000| Untracked 
|  36|0x0000000705e00000, 0x0000000706000000, 0x0000000706000000|100%| O|  |TAMS 0x0000000705e00000| PB 0x0000000705e00000| Untracked 
|  37|0x0000000706000000, 0x0000000706200000, 0x0000000706200000|100%| O|  |TAMS 0x0000000706000000| PB 0x0000000706000000| Untracked 
|  38|0x0000000706200000, 0x0000000706400000, 0x0000000706400000|100%| O|  |TAMS 0x0000000706200000| PB 0x0000000706200000| Untracked 
|  39|0x0000000706400000, 0x0000000706600000, 0x0000000706600000|100%| O|  |TAMS 0x0000000706400000| PB 0x0000000706400000| Untracked 
|  40|0x0000000706600000, 0x0000000706800000, 0x0000000706800000|100%| O|  |TAMS 0x0000000706600000| PB 0x0000000706600000| Untracked 
|  41|0x0000000706800000, 0x0000000706a00000, 0x0000000706a00000|100%| O|  |TAMS 0x0000000706800000| PB 0x0000000706800000| Untracked 
|  42|0x0000000706a00000, 0x0000000706c00000, 0x0000000706c00000|100%| O|  |TAMS 0x0000000706a00000| PB 0x0000000706a00000| Untracked 
|  43|0x0000000706c00000, 0x0000000706e00000, 0x0000000706e00000|100%| O|  |TAMS 0x0000000706c00000| PB 0x0000000706c00000| Untracked 
|  44|0x0000000706e00000, 0x0000000707000000, 0x0000000707000000|100%| O|  |TAMS 0x0000000706e00000| PB 0x0000000706e00000| Untracked 
|  45|0x0000000707000000, 0x0000000707200000, 0x0000000707200000|100%| O|  |TAMS 0x0000000707000000| PB 0x0000000707000000| Untracked 
|  46|0x0000000707200000, 0x0000000707400000, 0x0000000707400000|100%| O|  |TAMS 0x0000000707200000| PB 0x0000000707200000| Untracked 
|  47|0x0000000707400000, 0x0000000707600000, 0x0000000707600000|100%| O|  |TAMS 0x0000000707400000| PB 0x0000000707400000| Untracked 
|  48|0x0000000707600000, 0x0000000707800000, 0x0000000707800000|100%| O|  |TAMS 0x0000000707600000| PB 0x0000000707600000| Untracked 
|  49|0x0000000707800000, 0x0000000707a00000, 0x0000000707a00000|100%| O|  |TAMS 0x0000000707800000| PB 0x0000000707800000| Untracked 
|  50|0x0000000707a00000, 0x0000000707c00000, 0x0000000707c00000|100%| O|  |TAMS 0x0000000707a00000| PB 0x0000000707a00000| Untracked 
|  51|0x0000000707c00000, 0x0000000707e00000, 0x0000000707e00000|100%| O|  |TAMS 0x0000000707c00000| PB 0x0000000707c00000| Untracked 
|  52|0x0000000707e00000, 0x0000000708000000, 0x0000000708000000|100%| O|  |TAMS 0x0000000707e00000| PB 0x0000000707e00000| Untracked 
|  53|0x0000000708000000, 0x0000000708200000, 0x0000000708200000|100%| O|  |TAMS 0x0000000708000000| PB 0x0000000708000000| Untracked 
|  54|0x0000000708200000, 0x0000000708400000, 0x0000000708400000|100%| O|  |TAMS 0x0000000708200000| PB 0x0000000708200000| Untracked 
|  55|0x0000000708400000, 0x0000000708600000, 0x0000000708600000|100%| O|  |TAMS 0x0000000708400000| PB 0x0000000708400000| Untracked 
|  56|0x0000000708600000, 0x0000000708800000, 0x0000000708800000|100%| O|  |TAMS 0x0000000708600000| PB 0x0000000708600000| Untracked 
|  57|0x0000000708800000, 0x0000000708a00000, 0x0000000708a00000|100%| O|  |TAMS 0x0000000708800000| PB 0x0000000708800000| Untracked 
|  58|0x0000000708a00000, 0x0000000708c00000, 0x0000000708c00000|100%| O|  |TAMS 0x0000000708a00000| PB 0x0000000708a00000| Untracked 
|  59|0x0000000708c00000, 0x0000000708e00000, 0x0000000708e00000|100%| O|  |TAMS 0x0000000708c00000| PB 0x0000000708c00000| Untracked 
|  60|0x0000000708e00000, 0x0000000709000000, 0x0000000709000000|100%| O|  |TAMS 0x0000000708e00000| PB 0x0000000708e00000| Untracked 
|  61|0x0000000709000000, 0x0000000709200000, 0x0000000709200000|100%| O|  |TAMS 0x0000000709000000| PB 0x0000000709000000| Untracked 
|  62|0x0000000709200000, 0x0000000709400000, 0x0000000709400000|100%| O|  |TAMS 0x0000000709200000| PB 0x0000000709200000| Untracked 
|  63|0x0000000709400000, 0x0000000709600000, 0x0000000709600000|100%| O|  |TAMS 0x0000000709400000| PB 0x0000000709400000| Untracked 
|  64|0x0000000709600000, 0x0000000709800000, 0x0000000709800000|100%| O|  |TAMS 0x0000000709600000| PB 0x0000000709600000| Untracked 
|  65|0x0000000709800000, 0x0000000709a00000, 0x0000000709a00000|100%| O|  |TAMS 0x0000000709800000| PB 0x0000000709800000| Untracked 
|  66|0x0000000709a00000, 0x0000000709c00000, 0x0000000709c00000|100%| O|  |TAMS 0x0000000709a00000| PB 0x0000000709a00000| Untracked 
|  67|0x0000000709c00000, 0x0000000709e00000, 0x0000000709e00000|100%| O|  |TAMS 0x0000000709c00000| PB 0x0000000709c00000| Untracked 
|  68|0x0000000709e00000, 0x000000070a000000, 0x000000070a000000|100%| O|  |TAMS 0x0000000709e00000| PB 0x0000000709e00000| Untracked 
|  69|0x000000070a000000, 0x000000070a200000, 0x000000070a200000|100%| O|  |TAMS 0x000000070a000000| PB 0x000000070a000000| Untracked 
|  70|0x000000070a200000, 0x000000070a400000, 0x000000070a400000|100%| O|  |TAMS 0x000000070a200000| PB 0x000000070a200000| Untracked 
|  71|0x000000070a400000, 0x000000070a600000, 0x000000070a600000|100%| O|  |TAMS 0x000000070a400000| PB 0x000000070a400000| Untracked 
|  72|0x000000070a600000, 0x000000070a800000, 0x000000070a800000|100%| O|  |TAMS 0x000000070a600000| PB 0x000000070a600000| Untracked 
|  73|0x000000070a800000, 0x000000070aa00000, 0x000000070aa00000|100%| O|  |TAMS 0x000000070a800000| PB 0x000000070a800000| Untracked 
|  74|0x000000070aa00000, 0x000000070ac00000, 0x000000070ac00000|100%| O|  |TAMS 0x000000070aa00000| PB 0x000000070aa00000| Untracked 
|  75|0x000000070ac00000, 0x000000070ae00000, 0x000000070ae00000|100%| O|  |TAMS 0x000000070ac00000| PB 0x000000070ac00000| Untracked 
|  76|0x000000070ae00000, 0x000000070b000000, 0x000000070b000000|100%| O|  |TAMS 0x000000070ae00000| PB 0x000000070ae00000| Untracked 
|  77|0x000000070b000000, 0x000000070b200000, 0x000000070b200000|100%| O|  |TAMS 0x000000070b000000| PB 0x000000070b000000| Untracked 
|  78|0x000000070b200000, 0x000000070b400000, 0x000000070b400000|100%| O|  |TAMS 0x000000070b200000| PB 0x000000070b200000| Untracked 
|  79|0x000000070b400000, 0x000000070b600000, 0x000000070b600000|100%| O|  |TAMS 0x000000070b400000| PB 0x000000070b400000| Untracked 
|  80|0x000000070b600000, 0x000000070b800000, 0x000000070b800000|100%| O|  |TAMS 0x000000070b600000| PB 0x000000070b600000| Untracked 
|  81|0x000000070b800000, 0x000000070ba00000, 0x000000070ba00000|100%| O|  |TAMS 0x000000070b800000| PB 0x000000070b800000| Untracked 
|  82|0x000000070ba00000, 0x000000070bc00000, 0x000000070bc00000|100%| O|  |TAMS 0x000000070ba00000| PB 0x000000070ba00000| Untracked 
|  83|0x000000070bc00000, 0x000000070be00000, 0x000000070be00000|100%| O|  |TAMS 0x000000070bc00000| PB 0x000000070bc00000| Untracked 
|  84|0x000000070be00000, 0x000000070c000000, 0x000000070c000000|100%| O|  |TAMS 0x000000070be00000| PB 0x000000070be00000| Untracked 
|  85|0x000000070c000000, 0x000000070c200000, 0x000000070c200000|100%| O|  |TAMS 0x000000070c000000| PB 0x000000070c000000| Untracked 
|  86|0x000000070c200000, 0x000000070c37ec90, 0x000000070c400000| 74%| O|  |TAMS 0x000000070c200000| PB 0x000000070c200000| Untracked 
|  87|0x000000070c400000, 0x000000070c600000, 0x000000070c600000|100%|HS|  |TAMS 0x000000070c400000| PB 0x000000070c400000| Complete 
|  88|0x000000070c600000, 0x000000070c800000, 0x000000070c800000|100%|HS|  |TAMS 0x000000070c600000| PB 0x000000070c600000| Complete 
|  89|0x000000070c800000, 0x000000070ca00000, 0x000000070ca00000|100%|HS|  |TAMS 0x000000070c800000| PB 0x000000070c800000| Complete 
|  90|0x000000070ca00000, 0x000000070cc00000, 0x000000070cc00000|100%| O|Cm|TAMS 0x000000070ca00000| PB 0x000000070ca00000| Complete 
|  91|0x000000070cc00000, 0x000000070ce00000, 0x000000070ce00000|100%|HS|  |TAMS 0x000000070cc00000| PB 0x000000070cc00000| Complete 
|  92|0x000000070ce00000, 0x000000070d000000, 0x000000070d000000|100%|HS|  |TAMS 0x000000070ce00000| PB 0x000000070ce00000| Complete 
|  93|0x000000070d000000, 0x000000070d200000, 0x000000070d200000|100%|HS|  |TAMS 0x000000070d000000| PB 0x000000070d000000| Complete 
|  94|0x000000070d200000, 0x000000070d200000, 0x000000070d400000|  0%| F|  |TAMS 0x000000070d200000| PB 0x000000070d200000| Untracked 
|  95|0x000000070d400000, 0x000000070d400000, 0x000000070d600000|  0%| F|  |TAMS 0x000000070d400000| PB 0x000000070d400000| Untracked 
|  96|0x000000070d600000, 0x000000070d800000, 0x000000070d800000|100%| O|  |TAMS 0x000000070d600000| PB 0x000000070d600000| Untracked 
|  97|0x000000070d800000, 0x000000070da00000, 0x000000070da00000|100%| O|  |TAMS 0x000000070d800000| PB 0x000000070d800000| Untracked 
|  98|0x000000070da00000, 0x000000070dc00000, 0x000000070dc00000|100%|HS|  |TAMS 0x000000070da00000| PB 0x000000070da00000| Complete 
|  99|0x000000070dc00000, 0x000000070de00000, 0x000000070de00000|100%|HC|  |TAMS 0x000000070dc00000| PB 0x000000070dc00000| Complete 
| 100|0x000000070de00000, 0x000000070e000000, 0x000000070e000000|100%|HC|  |TAMS 0x000000070de00000| PB 0x000000070de00000| Complete 
| 101|0x000000070e000000, 0x000000070e200000, 0x000000070e200000|100%|HC|  |TAMS 0x000000070e000000| PB 0x000000070e000000| Complete 
| 102|0x000000070e200000, 0x000000070e400000, 0x000000070e400000|100%|HC|  |TAMS 0x000000070e200000| PB 0x000000070e200000| Complete 
| 103|0x000000070e400000, 0x000000070e600000, 0x000000070e600000|100%|HS|  |TAMS 0x000000070e400000| PB 0x000000070e400000| Complete 
| 104|0x000000070e600000, 0x000000070e800000, 0x000000070e800000|100%|HC|  |TAMS 0x000000070e600000| PB 0x000000070e600000| Complete 
| 105|0x000000070e800000, 0x000000070ea00000, 0x000000070ea00000|100%|HC|  |TAMS 0x000000070e800000| PB 0x000000070e800000| Complete 
| 106|0x000000070ea00000, 0x000000070ec00000, 0x000000070ec00000|100%|HC|  |TAMS 0x000000070ea00000| PB 0x000000070ea00000| Complete 
| 107|0x000000070ec00000, 0x000000070ee00000, 0x000000070ee00000|100%|HC|  |TAMS 0x000000070ec00000| PB 0x000000070ec00000| Complete 
| 108|0x000000070ee00000, 0x000000070ee00000, 0x000000070f000000|  0%| F|  |TAMS 0x000000070ee00000| PB 0x000000070ee00000| Untracked 
| 109|0x000000070f000000, 0x000000070f000000, 0x000000070f200000|  0%| F|  |TAMS 0x000000070f000000| PB 0x000000070f000000| Untracked 
| 110|0x000000070f200000, 0x000000070f200000, 0x000000070f400000|  0%| F|  |TAMS 0x000000070f200000| PB 0x000000070f200000| Untracked 
| 111|0x000000070f400000, 0x000000070f400000, 0x000000070f600000|  0%| F|  |TAMS 0x000000070f400000| PB 0x000000070f400000| Untracked 
| 112|0x000000070f600000, 0x000000070f600000, 0x000000070f800000|  0%| F|  |TAMS 0x000000070f600000| PB 0x000000070f600000| Untracked 
| 113|0x000000070f800000, 0x000000070f800000, 0x000000070fa00000|  0%| F|  |TAMS 0x000000070f800000| PB 0x000000070f800000| Untracked 
| 114|0x000000070fa00000, 0x000000070fa00000, 0x000000070fc00000|  0%| F|  |TAMS 0x000000070fa00000| PB 0x000000070fa00000| Untracked 
| 115|0x000000070fc00000, 0x000000070fc00000, 0x000000070fe00000|  0%| F|  |TAMS 0x000000070fc00000| PB 0x000000070fc00000| Untracked 
| 116|0x000000070fe00000, 0x000000070fe00000, 0x0000000710000000|  0%| F|  |TAMS 0x000000070fe00000| PB 0x000000070fe00000| Untracked 
| 117|0x0000000710000000, 0x0000000710000000, 0x0000000710200000|  0%| F|  |TAMS 0x0000000710000000| PB 0x0000000710000000| Untracked 
| 118|0x0000000710200000, 0x0000000710200000, 0x0000000710400000|  0%| F|  |TAMS 0x0000000710200000| PB 0x0000000710200000| Untracked 
| 119|0x0000000710400000, 0x0000000710400000, 0x0000000710600000|  0%| F|  |TAMS 0x0000000710400000| PB 0x0000000710400000| Untracked 
| 120|0x0000000710600000, 0x0000000710600000, 0x0000000710800000|  0%| F|  |TAMS 0x0000000710600000| PB 0x0000000710600000| Untracked 
| 121|0x0000000710800000, 0x0000000710800000, 0x0000000710a00000|  0%| F|  |TAMS 0x0000000710800000| PB 0x0000000710800000| Untracked 
| 122|0x0000000710a00000, 0x0000000710a00000, 0x0000000710c00000|  0%| F|  |TAMS 0x0000000710a00000| PB 0x0000000710a00000| Untracked 
| 123|0x0000000710c00000, 0x0000000710c00000, 0x0000000710e00000|  0%| F|  |TAMS 0x0000000710c00000| PB 0x0000000710c00000| Untracked 
| 124|0x0000000710e00000, 0x0000000710e00000, 0x0000000711000000|  0%| F|  |TAMS 0x0000000710e00000| PB 0x0000000710e00000| Untracked 
| 125|0x0000000711000000, 0x0000000711000000, 0x0000000711200000|  0%| F|  |TAMS 0x0000000711000000| PB 0x0000000711000000| Untracked 
| 126|0x0000000711200000, 0x0000000711200000, 0x0000000711400000|  0%| F|  |TAMS 0x0000000711200000| PB 0x0000000711200000| Untracked 
| 127|0x0000000711400000, 0x0000000711400000, 0x0000000711600000|  0%| F|  |TAMS 0x0000000711400000| PB 0x0000000711400000| Untracked 
| 128|0x0000000711600000, 0x0000000711600000, 0x0000000711800000|  0%| F|  |TAMS 0x0000000711600000| PB 0x0000000711600000| Untracked 
| 129|0x0000000711800000, 0x0000000711800000, 0x0000000711a00000|  0%| F|  |TAMS 0x0000000711800000| PB 0x0000000711800000| Untracked 
| 130|0x0000000711a00000, 0x0000000711a00000, 0x0000000711c00000|  0%| F|  |TAMS 0x0000000711a00000| PB 0x0000000711a00000| Untracked 
| 131|0x0000000711c00000, 0x0000000711c00000, 0x0000000711e00000|  0%| F|  |TAMS 0x0000000711c00000| PB 0x0000000711c00000| Untracked 
| 132|0x0000000711e00000, 0x0000000711e00000, 0x0000000712000000|  0%| F|  |TAMS 0x0000000711e00000| PB 0x0000000711e00000| Untracked 
| 133|0x0000000712000000, 0x0000000712000000, 0x0000000712200000|  0%| F|  |TAMS 0x0000000712000000| PB 0x0000000712000000| Untracked 
| 134|0x0000000712200000, 0x0000000712200000, 0x0000000712400000|  0%| F|  |TAMS 0x0000000712200000| PB 0x0000000712200000| Untracked 
| 135|0x0000000712400000, 0x0000000712400000, 0x0000000712600000|  0%| F|  |TAMS 0x0000000712400000| PB 0x0000000712400000| Untracked 
| 136|0x0000000712600000, 0x0000000712600000, 0x0000000712800000|  0%| F|  |TAMS 0x0000000712600000| PB 0x0000000712600000| Untracked 
| 137|0x0000000712800000, 0x0000000712800000, 0x0000000712a00000|  0%| F|  |TAMS 0x0000000712800000| PB 0x0000000712800000| Untracked 
| 138|0x0000000712a00000, 0x0000000712a00000, 0x0000000712c00000|  0%| F|  |TAMS 0x0000000712a00000| PB 0x0000000712a00000| Untracked 
| 139|0x0000000712c00000, 0x0000000712c00000, 0x0000000712e00000|  0%| F|  |TAMS 0x0000000712c00000| PB 0x0000000712c00000| Untracked 
| 140|0x0000000712e00000, 0x0000000712e00000, 0x0000000713000000|  0%| F|  |TAMS 0x0000000712e00000| PB 0x0000000712e00000| Untracked 
| 141|0x0000000713000000, 0x0000000713000000, 0x0000000713200000|  0%| F|  |TAMS 0x0000000713000000| PB 0x0000000713000000| Untracked 
| 142|0x0000000713200000, 0x0000000713200000, 0x0000000713400000|  0%| F|  |TAMS 0x0000000713200000| PB 0x0000000713200000| Untracked 
| 143|0x0000000713400000, 0x0000000713400000, 0x0000000713600000|  0%| F|  |TAMS 0x0000000713400000| PB 0x0000000713400000| Untracked 
| 144|0x0000000713600000, 0x0000000713600000, 0x0000000713800000|  0%| F|  |TAMS 0x0000000713600000| PB 0x0000000713600000| Untracked 
| 145|0x0000000713800000, 0x0000000713800000, 0x0000000713a00000|  0%| F|  |TAMS 0x0000000713800000| PB 0x0000000713800000| Untracked 
| 146|0x0000000713a00000, 0x0000000713a00000, 0x0000000713c00000|  0%| F|  |TAMS 0x0000000713a00000| PB 0x0000000713a00000| Untracked 
| 147|0x0000000713c00000, 0x0000000713c00000, 0x0000000713e00000|  0%| F|  |TAMS 0x0000000713c00000| PB 0x0000000713c00000| Untracked 
| 148|0x0000000713e00000, 0x0000000713e00000, 0x0000000714000000|  0%| F|  |TAMS 0x0000000713e00000| PB 0x0000000713e00000| Untracked 
| 149|0x0000000714000000, 0x0000000714000000, 0x0000000714200000|  0%| F|  |TAMS 0x0000000714000000| PB 0x0000000714000000| Untracked 
| 150|0x0000000714200000, 0x0000000714200000, 0x0000000714400000|  0%| F|  |TAMS 0x0000000714200000| PB 0x0000000714200000| Untracked 
| 151|0x0000000714400000, 0x0000000714400000, 0x0000000714600000|  0%| F|  |TAMS 0x0000000714400000| PB 0x0000000714400000| Untracked 
| 152|0x0000000714600000, 0x0000000714600000, 0x0000000714800000|  0%| F|  |TAMS 0x0000000714600000| PB 0x0000000714600000| Untracked 
| 153|0x0000000714800000, 0x0000000714800000, 0x0000000714a00000|  0%| F|  |TAMS 0x0000000714800000| PB 0x0000000714800000| Untracked 
| 154|0x0000000714a00000, 0x0000000714a00000, 0x0000000714c00000|  0%| F|  |TAMS 0x0000000714a00000| PB 0x0000000714a00000| Untracked 
| 155|0x0000000714c00000, 0x0000000714c00000, 0x0000000714e00000|  0%| F|  |TAMS 0x0000000714c00000| PB 0x0000000714c00000| Untracked 
| 156|0x0000000714e00000, 0x0000000714e00000, 0x0000000715000000|  0%| F|  |TAMS 0x0000000714e00000| PB 0x0000000714e00000| Untracked 
| 157|0x0000000715000000, 0x0000000715000000, 0x0000000715200000|  0%| F|  |TAMS 0x0000000715000000| PB 0x0000000715000000| Untracked 
| 158|0x0000000715200000, 0x0000000715200000, 0x0000000715400000|  0%| F|  |TAMS 0x0000000715200000| PB 0x0000000715200000| Untracked 
| 159|0x0000000715400000, 0x0000000715400000, 0x0000000715600000|  0%| F|  |TAMS 0x0000000715400000| PB 0x0000000715400000| Untracked 
| 160|0x0000000715600000, 0x0000000715600000, 0x0000000715800000|  0%| F|  |TAMS 0x0000000715600000| PB 0x0000000715600000| Untracked 
| 161|0x0000000715800000, 0x0000000715800000, 0x0000000715a00000|  0%| F|  |TAMS 0x0000000715800000| PB 0x0000000715800000| Untracked 
| 162|0x0000000715a00000, 0x0000000715a00000, 0x0000000715c00000|  0%| F|  |TAMS 0x0000000715a00000| PB 0x0000000715a00000| Untracked 
| 163|0x0000000715c00000, 0x0000000715c00000, 0x0000000715e00000|  0%| F|  |TAMS 0x0000000715c00000| PB 0x0000000715c00000| Untracked 
| 164|0x0000000715e00000, 0x0000000715e00000, 0x0000000716000000|  0%| F|  |TAMS 0x0000000715e00000| PB 0x0000000715e00000| Untracked 
| 165|0x0000000716000000, 0x0000000716000000, 0x0000000716200000|  0%| F|  |TAMS 0x0000000716000000| PB 0x0000000716000000| Untracked 
| 166|0x0000000716200000, 0x0000000716200000, 0x0000000716400000|  0%| F|  |TAMS 0x0000000716200000| PB 0x0000000716200000| Untracked 
| 167|0x0000000716400000, 0x0000000716400000, 0x0000000716600000|  0%| F|  |TAMS 0x0000000716400000| PB 0x0000000716400000| Untracked 
| 168|0x0000000716600000, 0x0000000716600000, 0x0000000716800000|  0%| F|  |TAMS 0x0000000716600000| PB 0x0000000716600000| Untracked 
| 169|0x0000000716800000, 0x0000000716800000, 0x0000000716a00000|  0%| F|  |TAMS 0x0000000716800000| PB 0x0000000716800000| Untracked 
| 170|0x0000000716a00000, 0x0000000716a00000, 0x0000000716c00000|  0%| F|  |TAMS 0x0000000716a00000| PB 0x0000000716a00000| Untracked 
| 171|0x0000000716c00000, 0x0000000716c00000, 0x0000000716e00000|  0%| F|  |TAMS 0x0000000716c00000| PB 0x0000000716c00000| Untracked 
| 172|0x0000000716e00000, 0x0000000716e00000, 0x0000000717000000|  0%| F|  |TAMS 0x0000000716e00000| PB 0x0000000716e00000| Untracked 
| 173|0x0000000717000000, 0x0000000717000000, 0x0000000717200000|  0%| F|  |TAMS 0x0000000717000000| PB 0x0000000717000000| Untracked 
| 174|0x0000000717200000, 0x0000000717200000, 0x0000000717400000|  0%| F|  |TAMS 0x0000000717200000| PB 0x0000000717200000| Untracked 
| 175|0x0000000717400000, 0x0000000717400000, 0x0000000717600000|  0%| F|  |TAMS 0x0000000717400000| PB 0x0000000717400000| Untracked 
| 176|0x0000000717600000, 0x0000000717600000, 0x0000000717800000|  0%| F|  |TAMS 0x0000000717600000| PB 0x0000000717600000| Untracked 
| 177|0x0000000717800000, 0x0000000717800000, 0x0000000717a00000|  0%| F|  |TAMS 0x0000000717800000| PB 0x0000000717800000| Untracked 
| 178|0x0000000717a00000, 0x0000000717a00000, 0x0000000717c00000|  0%| F|  |TAMS 0x0000000717a00000| PB 0x0000000717a00000| Untracked 
| 179|0x0000000717c00000, 0x0000000717c00000, 0x0000000717e00000|  0%| F|  |TAMS 0x0000000717c00000| PB 0x0000000717c00000| Untracked 
| 180|0x0000000717e00000, 0x0000000717e00000, 0x0000000718000000|  0%| F|  |TAMS 0x0000000717e00000| PB 0x0000000717e00000| Untracked 
| 181|0x0000000718000000, 0x0000000718000000, 0x0000000718200000|  0%| F|  |TAMS 0x0000000718000000| PB 0x0000000718000000| Untracked 
| 182|0x0000000718200000, 0x0000000718200000, 0x0000000718400000|  0%| F|  |TAMS 0x0000000718200000| PB 0x0000000718200000| Untracked 
| 183|0x0000000718400000, 0x0000000718400000, 0x0000000718600000|  0%| F|  |TAMS 0x0000000718400000| PB 0x0000000718400000| Untracked 
| 184|0x0000000718600000, 0x0000000718600000, 0x0000000718800000|  0%| F|  |TAMS 0x0000000718600000| PB 0x0000000718600000| Untracked 
| 185|0x0000000718800000, 0x0000000718800000, 0x0000000718a00000|  0%| F|  |TAMS 0x0000000718800000| PB 0x0000000718800000| Untracked 
| 186|0x0000000718a00000, 0x0000000718a00000, 0x0000000718c00000|  0%| F|  |TAMS 0x0000000718a00000| PB 0x0000000718a00000| Untracked 
| 187|0x0000000718c00000, 0x0000000718c00000, 0x0000000718e00000|  0%| F|  |TAMS 0x0000000718c00000| PB 0x0000000718c00000| Untracked 
| 188|0x0000000718e00000, 0x0000000718e00000, 0x0000000719000000|  0%| F|  |TAMS 0x0000000718e00000| PB 0x0000000718e00000| Untracked 
| 189|0x0000000719000000, 0x0000000719000000, 0x0000000719200000|  0%| F|  |TAMS 0x0000000719000000| PB 0x0000000719000000| Untracked 
| 190|0x0000000719200000, 0x0000000719200000, 0x0000000719400000|  0%| F|  |TAMS 0x0000000719200000| PB 0x0000000719200000| Untracked 
| 191|0x0000000719400000, 0x0000000719400000, 0x0000000719600000|  0%| F|  |TAMS 0x0000000719400000| PB 0x0000000719400000| Untracked 
| 192|0x0000000719600000, 0x0000000719600000, 0x0000000719800000|  0%| F|  |TAMS 0x0000000719600000| PB 0x0000000719600000| Untracked 
| 193|0x0000000719800000, 0x0000000719800000, 0x0000000719a00000|  0%| F|  |TAMS 0x0000000719800000| PB 0x0000000719800000| Untracked 
| 194|0x0000000719a00000, 0x0000000719a00000, 0x0000000719c00000|  0%| F|  |TAMS 0x0000000719a00000| PB 0x0000000719a00000| Untracked 
| 195|0x0000000719c00000, 0x0000000719c00000, 0x0000000719e00000|  0%| F|  |TAMS 0x0000000719c00000| PB 0x0000000719c00000| Untracked 
| 196|0x0000000719e00000, 0x0000000719e00000, 0x000000071a000000|  0%| F|  |TAMS 0x0000000719e00000| PB 0x0000000719e00000| Untracked 
| 197|0x000000071a000000, 0x000000071a000000, 0x000000071a200000|  0%| F|  |TAMS 0x000000071a000000| PB 0x000000071a000000| Untracked 
| 198|0x000000071a200000, 0x000000071a200000, 0x000000071a400000|  0%| F|  |TAMS 0x000000071a200000| PB 0x000000071a200000| Untracked 
| 199|0x000000071a400000, 0x000000071a400000, 0x000000071a600000|  0%| F|  |TAMS 0x000000071a400000| PB 0x000000071a400000| Untracked 
| 200|0x000000071a600000, 0x000000071a600000, 0x000000071a800000|  0%| F|  |TAMS 0x000000071a600000| PB 0x000000071a600000| Untracked 
| 201|0x000000071a800000, 0x000000071a800000, 0x000000071aa00000|  0%| F|  |TAMS 0x000000071a800000| PB 0x000000071a800000| Untracked 
| 202|0x000000071aa00000, 0x000000071aa00000, 0x000000071ac00000|  0%| F|  |TAMS 0x000000071aa00000| PB 0x000000071aa00000| Untracked 
| 203|0x000000071ac00000, 0x000000071ac00000, 0x000000071ae00000|  0%| F|  |TAMS 0x000000071ac00000| PB 0x000000071ac00000| Untracked 
| 204|0x000000071ae00000, 0x000000071ae00000, 0x000000071b000000|  0%| F|  |TAMS 0x000000071ae00000| PB 0x000000071ae00000| Untracked 
| 205|0x000000071b000000, 0x000000071b000000, 0x000000071b200000|  0%| F|  |TAMS 0x000000071b000000| PB 0x000000071b000000| Untracked 
| 206|0x000000071b200000, 0x000000071b200000, 0x000000071b400000|  0%| F|  |TAMS 0x000000071b200000| PB 0x000000071b200000| Untracked 
| 207|0x000000071b400000, 0x000000071b400000, 0x000000071b600000|  0%| F|  |TAMS 0x000000071b400000| PB 0x000000071b400000| Untracked 
| 208|0x000000071b600000, 0x000000071b600000, 0x000000071b800000|  0%| F|  |TAMS 0x000000071b600000| PB 0x000000071b600000| Untracked 
| 209|0x000000071b800000, 0x000000071b800000, 0x000000071ba00000|  0%| F|  |TAMS 0x000000071b800000| PB 0x000000071b800000| Untracked 
| 210|0x000000071ba00000, 0x000000071ba00000, 0x000000071bc00000|  0%| F|  |TAMS 0x000000071ba00000| PB 0x000000071ba00000| Untracked 
| 211|0x000000071bc00000, 0x000000071bc00000, 0x000000071be00000|  0%| F|  |TAMS 0x000000071bc00000| PB 0x000000071bc00000| Untracked 
| 212|0x000000071be00000, 0x000000071be00000, 0x000000071c000000|  0%| F|  |TAMS 0x000000071be00000| PB 0x000000071be00000| Untracked 
| 213|0x000000071c000000, 0x000000071c000000, 0x000000071c200000|  0%| F|  |TAMS 0x000000071c000000| PB 0x000000071c000000| Untracked 
| 214|0x000000071c200000, 0x000000071c200000, 0x000000071c400000|  0%| F|  |TAMS 0x000000071c200000| PB 0x000000071c200000| Untracked 
| 215|0x000000071c400000, 0x000000071c400000, 0x000000071c600000|  0%| F|  |TAMS 0x000000071c400000| PB 0x000000071c400000| Untracked 
| 216|0x000000071c600000, 0x000000071c600000, 0x000000071c800000|  0%| F|  |TAMS 0x000000071c600000| PB 0x000000071c600000| Untracked 
| 217|0x000000071c800000, 0x000000071c800000, 0x000000071ca00000|  0%| F|  |TAMS 0x000000071c800000| PB 0x000000071c800000| Untracked 
| 218|0x000000071ca00000, 0x000000071ca00000, 0x000000071cc00000|  0%| F|  |TAMS 0x000000071ca00000| PB 0x000000071ca00000| Untracked 
| 219|0x000000071cc00000, 0x000000071cc00000, 0x000000071ce00000|  0%| F|  |TAMS 0x000000071cc00000| PB 0x000000071cc00000| Untracked 
| 220|0x000000071ce00000, 0x000000071ce00000, 0x000000071d000000|  0%| F|  |TAMS 0x000000071ce00000| PB 0x000000071ce00000| Untracked 
| 221|0x000000071d000000, 0x000000071d000000, 0x000000071d200000|  0%| F|  |TAMS 0x000000071d000000| PB 0x000000071d000000| Untracked 
| 222|0x000000071d200000, 0x000000071d200000, 0x000000071d400000|  0%| F|  |TAMS 0x000000071d200000| PB 0x000000071d200000| Untracked 
| 223|0x000000071d400000, 0x000000071d400000, 0x000000071d600000|  0%| F|  |TAMS 0x000000071d400000| PB 0x000000071d400000| Untracked 
| 224|0x000000071d600000, 0x000000071d600000, 0x000000071d800000|  0%| F|  |TAMS 0x000000071d600000| PB 0x000000071d600000| Untracked 
| 225|0x000000071d800000, 0x000000071d800000, 0x000000071da00000|  0%| F|  |TAMS 0x000000071d800000| PB 0x000000071d800000| Untracked 
| 226|0x000000071da00000, 0x000000071da00000, 0x000000071dc00000|  0%| F|  |TAMS 0x000000071da00000| PB 0x000000071da00000| Untracked 
| 227|0x000000071dc00000, 0x000000071dc00000, 0x000000071de00000|  0%| F|  |TAMS 0x000000071dc00000| PB 0x000000071dc00000| Untracked 
| 228|0x000000071de00000, 0x000000071de00000, 0x000000071e000000|  0%| F|  |TAMS 0x000000071de00000| PB 0x000000071de00000| Untracked 
| 229|0x000000071e000000, 0x000000071e000000, 0x000000071e200000|  0%| F|  |TAMS 0x000000071e000000| PB 0x000000071e000000| Untracked 
| 230|0x000000071e200000, 0x000000071e200000, 0x000000071e400000|  0%| F|  |TAMS 0x000000071e200000| PB 0x000000071e200000| Untracked 
| 231|0x000000071e400000, 0x000000071e400000, 0x000000071e600000|  0%| F|  |TAMS 0x000000071e400000| PB 0x000000071e400000| Untracked 
| 232|0x000000071e600000, 0x000000071e600000, 0x000000071e800000|  0%| F|  |TAMS 0x000000071e600000| PB 0x000000071e600000| Untracked 
| 233|0x000000071e800000, 0x000000071e800000, 0x000000071ea00000|  0%| F|  |TAMS 0x000000071e800000| PB 0x000000071e800000| Untracked 
| 234|0x000000071ea00000, 0x000000071ea00000, 0x000000071ec00000|  0%| F|  |TAMS 0x000000071ea00000| PB 0x000000071ea00000| Untracked 
| 235|0x000000071ec00000, 0x000000071ec00000, 0x000000071ee00000|  0%| F|  |TAMS 0x000000071ec00000| PB 0x000000071ec00000| Untracked 
| 236|0x000000071ee00000, 0x000000071ee00000, 0x000000071f000000|  0%| F|  |TAMS 0x000000071ee00000| PB 0x000000071ee00000| Untracked 
| 237|0x000000071f000000, 0x000000071f000000, 0x000000071f200000|  0%| F|  |TAMS 0x000000071f000000| PB 0x000000071f000000| Untracked 
| 238|0x000000071f200000, 0x000000071f200000, 0x000000071f400000|  0%| F|  |TAMS 0x000000071f200000| PB 0x000000071f200000| Untracked 
| 239|0x000000071f400000, 0x000000071f400000, 0x000000071f600000|  0%| F|  |TAMS 0x000000071f400000| PB 0x000000071f400000| Untracked 
| 240|0x000000071f600000, 0x000000071f600000, 0x000000071f800000|  0%| F|  |TAMS 0x000000071f600000| PB 0x000000071f600000| Untracked 
| 241|0x000000071f800000, 0x000000071f800000, 0x000000071fa00000|  0%| F|  |TAMS 0x000000071f800000| PB 0x000000071f800000| Untracked 
| 242|0x000000071fa00000, 0x000000071fa00000, 0x000000071fc00000|  0%| F|  |TAMS 0x000000071fa00000| PB 0x000000071fa00000| Untracked 
| 243|0x000000071fc00000, 0x000000071fc00000, 0x000000071fe00000|  0%| F|  |TAMS 0x000000071fc00000| PB 0x000000071fc00000| Untracked 
| 244|0x000000071fe00000, 0x000000071fe00000, 0x0000000720000000|  0%| F|  |TAMS 0x000000071fe00000| PB 0x000000071fe00000| Untracked 
| 245|0x0000000720000000, 0x0000000720000000, 0x0000000720200000|  0%| F|  |TAMS 0x0000000720000000| PB 0x0000000720000000| Untracked 
| 246|0x0000000720200000, 0x0000000720200000, 0x0000000720400000|  0%| F|  |TAMS 0x0000000720200000| PB 0x0000000720200000| Untracked 
| 247|0x0000000720400000, 0x0000000720400000, 0x0000000720600000|  0%| F|  |TAMS 0x0000000720400000| PB 0x0000000720400000| Untracked 
| 248|0x0000000720600000, 0x0000000720600000, 0x0000000720800000|  0%| F|  |TAMS 0x0000000720600000| PB 0x0000000720600000| Untracked 
| 249|0x0000000720800000, 0x0000000720800000, 0x0000000720a00000|  0%| F|  |TAMS 0x0000000720800000| PB 0x0000000720800000| Untracked 
| 250|0x0000000720a00000, 0x0000000720a00000, 0x0000000720c00000|  0%| F|  |TAMS 0x0000000720a00000| PB 0x0000000720a00000| Untracked 
| 251|0x0000000720c00000, 0x0000000720c00000, 0x0000000720e00000|  0%| F|  |TAMS 0x0000000720c00000| PB 0x0000000720c00000| Untracked 
| 252|0x0000000720e00000, 0x0000000720e00000, 0x0000000721000000|  0%| F|  |TAMS 0x0000000720e00000| PB 0x0000000720e00000| Untracked 
| 253|0x0000000721000000, 0x0000000721000000, 0x0000000721200000|  0%| F|  |TAMS 0x0000000721000000| PB 0x0000000721000000| Untracked 
| 254|0x0000000721200000, 0x0000000721200000, 0x0000000721400000|  0%| F|  |TAMS 0x0000000721200000| PB 0x0000000721200000| Untracked 
| 255|0x0000000721400000, 0x0000000721400000, 0x0000000721600000|  0%| F|  |TAMS 0x0000000721400000| PB 0x0000000721400000| Untracked 
| 256|0x0000000721600000, 0x0000000721600000, 0x0000000721800000|  0%| F|  |TAMS 0x0000000721600000| PB 0x0000000721600000| Untracked 
| 257|0x0000000721800000, 0x0000000721800000, 0x0000000721a00000|  0%| F|  |TAMS 0x0000000721800000| PB 0x0000000721800000| Untracked 
| 258|0x0000000721a00000, 0x0000000721a00000, 0x0000000721c00000|  0%| F|  |TAMS 0x0000000721a00000| PB 0x0000000721a00000| Untracked 
| 259|0x0000000721c00000, 0x0000000721c00000, 0x0000000721e00000|  0%| F|  |TAMS 0x0000000721c00000| PB 0x0000000721c00000| Untracked 
| 260|0x0000000721e00000, 0x0000000721e00000, 0x0000000722000000|  0%| F|  |TAMS 0x0000000721e00000| PB 0x0000000721e00000| Untracked 
| 261|0x0000000722000000, 0x0000000722000000, 0x0000000722200000|  0%| F|  |TAMS 0x0000000722000000| PB 0x0000000722000000| Untracked 
| 262|0x0000000722200000, 0x0000000722200000, 0x0000000722400000|  0%| F|  |TAMS 0x0000000722200000| PB 0x0000000722200000| Untracked 
| 263|0x0000000722400000, 0x0000000722400000, 0x0000000722600000|  0%| F|  |TAMS 0x0000000722400000| PB 0x0000000722400000| Untracked 
| 264|0x0000000722600000, 0x0000000722600000, 0x0000000722800000|  0%| F|  |TAMS 0x0000000722600000| PB 0x0000000722600000| Untracked 
| 265|0x0000000722800000, 0x0000000722800000, 0x0000000722a00000|  0%| F|  |TAMS 0x0000000722800000| PB 0x0000000722800000| Untracked 
| 266|0x0000000722a00000, 0x0000000722a00000, 0x0000000722c00000|  0%| F|  |TAMS 0x0000000722a00000| PB 0x0000000722a00000| Untracked 
| 267|0x0000000722c00000, 0x0000000722c00000, 0x0000000722e00000|  0%| F|  |TAMS 0x0000000722c00000| PB 0x0000000722c00000| Untracked 
| 268|0x0000000722e00000, 0x0000000722e00000, 0x0000000723000000|  0%| F|  |TAMS 0x0000000722e00000| PB 0x0000000722e00000| Untracked 
| 269|0x0000000723000000, 0x0000000723000000, 0x0000000723200000|  0%| F|  |TAMS 0x0000000723000000| PB 0x0000000723000000| Untracked 
| 270|0x0000000723200000, 0x0000000723200000, 0x0000000723400000|  0%| F|  |TAMS 0x0000000723200000| PB 0x0000000723200000| Untracked 
| 271|0x0000000723400000, 0x0000000723400000, 0x0000000723600000|  0%| F|  |TAMS 0x0000000723400000| PB 0x0000000723400000| Untracked 
| 272|0x0000000723600000, 0x0000000723600000, 0x0000000723800000|  0%| F|  |TAMS 0x0000000723600000| PB 0x0000000723600000| Untracked 
| 273|0x0000000723800000, 0x0000000723800000, 0x0000000723a00000|  0%| F|  |TAMS 0x0000000723800000| PB 0x0000000723800000| Untracked 
| 274|0x0000000723a00000, 0x0000000723a00000, 0x0000000723c00000|  0%| F|  |TAMS 0x0000000723a00000| PB 0x0000000723a00000| Untracked 
| 275|0x0000000723c00000, 0x0000000723c00000, 0x0000000723e00000|  0%| F|  |TAMS 0x0000000723c00000| PB 0x0000000723c00000| Untracked 
| 276|0x0000000723e00000, 0x0000000723e00000, 0x0000000724000000|  0%| F|  |TAMS 0x0000000723e00000| PB 0x0000000723e00000| Untracked 
| 277|0x0000000724000000, 0x0000000724000000, 0x0000000724200000|  0%| F|  |TAMS 0x0000000724000000| PB 0x0000000724000000| Untracked 
| 278|0x0000000724200000, 0x0000000724200000, 0x0000000724400000|  0%| F|  |TAMS 0x0000000724200000| PB 0x0000000724200000| Untracked 
| 279|0x0000000724400000, 0x0000000724400000, 0x0000000724600000|  0%| F|  |TAMS 0x0000000724400000| PB 0x0000000724400000| Untracked 
| 280|0x0000000724600000, 0x0000000724600000, 0x0000000724800000|  0%| F|  |TAMS 0x0000000724600000| PB 0x0000000724600000| Untracked 
| 281|0x0000000724800000, 0x0000000724800000, 0x0000000724a00000|  0%| F|  |TAMS 0x0000000724800000| PB 0x0000000724800000| Untracked 
| 282|0x0000000724a00000, 0x0000000724a00000, 0x0000000724c00000|  0%| F|  |TAMS 0x0000000724a00000| PB 0x0000000724a00000| Untracked 
| 283|0x0000000724c00000, 0x0000000724c00000, 0x0000000724e00000|  0%| F|  |TAMS 0x0000000724c00000| PB 0x0000000724c00000| Untracked 
| 284|0x0000000724e00000, 0x0000000724e00000, 0x0000000725000000|  0%| F|  |TAMS 0x0000000724e00000| PB 0x0000000724e00000| Untracked 
| 285|0x0000000725000000, 0x0000000725000000, 0x0000000725200000|  0%| F|  |TAMS 0x0000000725000000| PB 0x0000000725000000| Untracked 
| 286|0x0000000725200000, 0x0000000725200000, 0x0000000725400000|  0%| F|  |TAMS 0x0000000725200000| PB 0x0000000725200000| Untracked 
| 287|0x0000000725400000, 0x0000000725400000, 0x0000000725600000|  0%| F|  |TAMS 0x0000000725400000| PB 0x0000000725400000| Untracked 
| 288|0x0000000725600000, 0x0000000725600000, 0x0000000725800000|  0%| F|  |TAMS 0x0000000725600000| PB 0x0000000725600000| Untracked 
| 289|0x0000000725800000, 0x00000007258ee0c0, 0x0000000725a00000| 46%| S|CS|TAMS 0x0000000725800000| PB 0x0000000725800000| Complete 
| 290|0x0000000725a00000, 0x0000000725c00000, 0x0000000725c00000|100%| S|CS|TAMS 0x0000000725a00000| PB 0x0000000725a00000| Complete 
| 291|0x0000000725c00000, 0x0000000725e00000, 0x0000000725e00000|100%| S|CS|TAMS 0x0000000725c00000| PB 0x0000000725c00000| Complete 
| 292|0x0000000725e00000, 0x0000000726000000, 0x0000000726000000|100%| S|CS|TAMS 0x0000000725e00000| PB 0x0000000725e00000| Complete 
| 293|0x0000000726000000, 0x0000000726200000, 0x0000000726200000|100%| S|CS|TAMS 0x0000000726000000| PB 0x0000000726000000| Complete 
| 294|0x0000000726200000, 0x0000000726400000, 0x0000000726400000|100%| S|CS|TAMS 0x0000000726200000| PB 0x0000000726200000| Complete 
| 295|0x0000000726400000, 0x0000000726600000, 0x0000000726600000|100%| S|CS|TAMS 0x0000000726400000| PB 0x0000000726400000| Complete 
| 296|0x0000000726600000, 0x0000000726800000, 0x0000000726800000|100%| S|CS|TAMS 0x0000000726600000| PB 0x0000000726600000| Complete 
| 297|0x0000000726800000, 0x0000000726a00000, 0x0000000726a00000|100%| S|CS|TAMS 0x0000000726800000| PB 0x0000000726800000| Complete 
| 298|0x0000000726a00000, 0x0000000726c00000, 0x0000000726c00000|100%| S|CS|TAMS 0x0000000726a00000| PB 0x0000000726a00000| Complete 
| 299|0x0000000726c00000, 0x0000000726e00000, 0x0000000726e00000|100%| S|CS|TAMS 0x0000000726c00000| PB 0x0000000726c00000| Complete 
| 300|0x0000000726e00000, 0x0000000727000000, 0x0000000727000000|100%| S|CS|TAMS 0x0000000726e00000| PB 0x0000000726e00000| Complete 
| 301|0x0000000727000000, 0x0000000727200000, 0x0000000727200000|100%| S|CS|TAMS 0x0000000727000000| PB 0x0000000727000000| Complete 
| 302|0x0000000727200000, 0x0000000727400000, 0x0000000727400000|100%| S|CS|TAMS 0x0000000727200000| PB 0x0000000727200000| Complete 
| 303|0x0000000727400000, 0x0000000727600000, 0x0000000727600000|100%| S|CS|TAMS 0x0000000727400000| PB 0x0000000727400000| Complete 
| 304|0x0000000727600000, 0x0000000727800000, 0x0000000727800000|100%| S|CS|TAMS 0x0000000727600000| PB 0x0000000727600000| Complete 
| 305|0x0000000727800000, 0x0000000727a00000, 0x0000000727a00000|100%| S|CS|TAMS 0x0000000727800000| PB 0x0000000727800000| Complete 
| 306|0x0000000727a00000, 0x0000000727c00000, 0x0000000727c00000|100%| S|CS|TAMS 0x0000000727a00000| PB 0x0000000727a00000| Complete 
| 307|0x0000000727c00000, 0x0000000727e00000, 0x0000000727e00000|100%| S|CS|TAMS 0x0000000727c00000| PB 0x0000000727c00000| Complete 
| 308|0x0000000727e00000, 0x0000000728000000, 0x0000000728000000|100%| S|CS|TAMS 0x0000000727e00000| PB 0x0000000727e00000| Complete 
| 309|0x0000000728000000, 0x0000000728200000, 0x0000000728200000|100%| S|CS|TAMS 0x0000000728000000| PB 0x0000000728000000| Complete 
| 310|0x0000000728200000, 0x0000000728400000, 0x0000000728400000|100%| S|CS|TAMS 0x0000000728200000| PB 0x0000000728200000| Complete 
| 311|0x0000000728400000, 0x0000000728600000, 0x0000000728600000|100%| S|CS|TAMS 0x0000000728400000| PB 0x0000000728400000| Complete 
| 312|0x0000000728600000, 0x0000000728800000, 0x0000000728800000|100%| S|CS|TAMS 0x0000000728600000| PB 0x0000000728600000| Complete 
| 313|0x0000000728800000, 0x0000000728a00000, 0x0000000728a00000|100%| E|  |TAMS 0x0000000728800000| PB 0x0000000728800000| Complete 
| 314|0x0000000728a00000, 0x0000000728c00000, 0x0000000728c00000|100%| E|CS|TAMS 0x0000000728a00000| PB 0x0000000728a00000| Complete 
| 315|0x0000000728c00000, 0x0000000728e00000, 0x0000000728e00000|100%| E|CS|TAMS 0x0000000728c00000| PB 0x0000000728c00000| Complete 
| 316|0x0000000728e00000, 0x0000000729000000, 0x0000000729000000|100%| E|CS|TAMS 0x0000000728e00000| PB 0x0000000728e00000| Complete 
| 317|0x0000000729000000, 0x0000000729200000, 0x0000000729200000|100%| E|CS|TAMS 0x0000000729000000| PB 0x0000000729000000| Complete 
| 318|0x0000000729200000, 0x0000000729400000, 0x0000000729400000|100%| E|CS|TAMS 0x0000000729200000| PB 0x0000000729200000| Complete 
| 319|0x0000000729400000, 0x0000000729600000, 0x0000000729600000|100%| E|CS|TAMS 0x0000000729400000| PB 0x0000000729400000| Complete 
| 320|0x0000000729600000, 0x0000000729800000, 0x0000000729800000|100%| E|CS|TAMS 0x0000000729600000| PB 0x0000000729600000| Complete 
| 321|0x0000000729800000, 0x0000000729a00000, 0x0000000729a00000|100%| E|CS|TAMS 0x0000000729800000| PB 0x0000000729800000| Complete 
| 322|0x0000000729a00000, 0x0000000729c00000, 0x0000000729c00000|100%| E|  |TAMS 0x0000000729a00000| PB 0x0000000729a00000| Complete 
| 323|0x0000000729c00000, 0x0000000729e00000, 0x0000000729e00000|100%| E|CS|TAMS 0x0000000729c00000| PB 0x0000000729c00000| Complete 
| 324|0x0000000729e00000, 0x000000072a000000, 0x000000072a000000|100%| E|CS|TAMS 0x0000000729e00000| PB 0x0000000729e00000| Complete 
| 325|0x000000072a000000, 0x000000072a200000, 0x000000072a200000|100%| E|CS|TAMS 0x000000072a000000| PB 0x000000072a000000| Complete 
| 326|0x000000072a200000, 0x000000072a400000, 0x000000072a400000|100%| E|CS|TAMS 0x000000072a200000| PB 0x000000072a200000| Complete 
| 327|0x000000072a400000, 0x000000072a600000, 0x000000072a600000|100%| E|CS|TAMS 0x000000072a400000| PB 0x000000072a400000| Complete 
| 328|0x000000072a600000, 0x000000072a800000, 0x000000072a800000|100%| E|CS|TAMS 0x000000072a600000| PB 0x000000072a600000| Complete 
| 329|0x000000072a800000, 0x000000072aa00000, 0x000000072aa00000|100%| E|CS|TAMS 0x000000072a800000| PB 0x000000072a800000| Complete 
| 330|0x000000072aa00000, 0x000000072ac00000, 0x000000072ac00000|100%| E|CS|TAMS 0x000000072aa00000| PB 0x000000072aa00000| Complete 
| 331|0x000000072ac00000, 0x000000072ae00000, 0x000000072ae00000|100%| E|CS|TAMS 0x000000072ac00000| PB 0x000000072ac00000| Complete 
| 332|0x000000072ae00000, 0x000000072b000000, 0x000000072b000000|100%| E|CS|TAMS 0x000000072ae00000| PB 0x000000072ae00000| Complete 
| 333|0x000000072b000000, 0x000000072b200000, 0x000000072b200000|100%| E|CS|TAMS 0x000000072b000000| PB 0x000000072b000000| Complete 
| 334|0x000000072b200000, 0x000000072b400000, 0x000000072b400000|100%| E|CS|TAMS 0x000000072b200000| PB 0x000000072b200000| Complete 
| 335|0x000000072b400000, 0x000000072b600000, 0x000000072b600000|100%| E|CS|TAMS 0x000000072b400000| PB 0x000000072b400000| Complete 
| 336|0x000000072b600000, 0x000000072b800000, 0x000000072b800000|100%| E|CS|TAMS 0x000000072b600000| PB 0x000000072b600000| Complete 
| 337|0x000000072b800000, 0x000000072ba00000, 0x000000072ba00000|100%| E|CS|TAMS 0x000000072b800000| PB 0x000000072b800000| Complete 
| 338|0x000000072ba00000, 0x000000072bc00000, 0x000000072bc00000|100%| E|CS|TAMS 0x000000072ba00000| PB 0x000000072ba00000| Complete 
| 339|0x000000072bc00000, 0x000000072be00000, 0x000000072be00000|100%| E|CS|TAMS 0x000000072bc00000| PB 0x000000072bc00000| Complete 
| 340|0x000000072be00000, 0x000000072c000000, 0x000000072c000000|100%| E|CS|TAMS 0x000000072be00000| PB 0x000000072be00000| Complete 
| 341|0x000000072c000000, 0x000000072c200000, 0x000000072c200000|100%| E|CS|TAMS 0x000000072c000000| PB 0x000000072c000000| Complete 
| 342|0x000000072c200000, 0x000000072c400000, 0x000000072c400000|100%| E|CS|TAMS 0x000000072c200000| PB 0x000000072c200000| Complete 
| 343|0x000000072c400000, 0x000000072c600000, 0x000000072c600000|100%| E|CS|TAMS 0x000000072c400000| PB 0x000000072c400000| Complete 
| 344|0x000000072c600000, 0x000000072c800000, 0x000000072c800000|100%| E|CS|TAMS 0x000000072c600000| PB 0x000000072c600000| Complete 
| 345|0x000000072c800000, 0x000000072ca00000, 0x000000072ca00000|100%| E|CS|TAMS 0x000000072c800000| PB 0x000000072c800000| Complete 
| 346|0x000000072ca00000, 0x000000072cc00000, 0x000000072cc00000|100%| E|CS|TAMS 0x000000072ca00000| PB 0x000000072ca00000| Complete 
| 347|0x000000072cc00000, 0x000000072ce00000, 0x000000072ce00000|100%| E|CS|TAMS 0x000000072cc00000| PB 0x000000072cc00000| Complete 
| 348|0x000000072ce00000, 0x000000072d000000, 0x000000072d000000|100%| E|CS|TAMS 0x000000072ce00000| PB 0x000000072ce00000| Complete 
| 349|0x000000072d000000, 0x000000072d200000, 0x000000072d200000|100%| E|CS|TAMS 0x000000072d000000| PB 0x000000072d000000| Complete 
| 350|0x000000072d200000, 0x000000072d400000, 0x000000072d400000|100%| E|CS|TAMS 0x000000072d200000| PB 0x000000072d200000| Complete 
| 351|0x000000072d400000, 0x000000072d600000, 0x000000072d600000|100%| E|CS|TAMS 0x000000072d400000| PB 0x000000072d400000| Complete 
| 352|0x000000072d600000, 0x000000072d800000, 0x000000072d800000|100%| E|CS|TAMS 0x000000072d600000| PB 0x000000072d600000| Complete 
| 353|0x000000072d800000, 0x000000072da00000, 0x000000072da00000|100%| E|CS|TAMS 0x000000072d800000| PB 0x000000072d800000| Complete 
| 354|0x000000072da00000, 0x000000072dc00000, 0x000000072dc00000|100%| E|CS|TAMS 0x000000072da00000| PB 0x000000072da00000| Complete 
|2014|0x00000007fd200000, 0x00000007fd400000, 0x00000007fd400000|100%| O|  |TAMS 0x00000007fd200000| PB 0x00000007fd200000| Untracked 
|2015|0x00000007fd400000, 0x00000007fd600000, 0x00000007fd600000|100%| O|  |TAMS 0x00000007fd400000| PB 0x00000007fd400000| Untracked 
|2016|0x00000007fd600000, 0x00000007fd800000, 0x00000007fd800000|100%| E|CS|TAMS 0x00000007fd600000| PB 0x00000007fd600000| Complete 
|2017|0x00000007fd800000, 0x00000007fda00000, 0x00000007fda00000|100%| E|CS|TAMS 0x00000007fd800000| PB 0x00000007fd800000| Complete 
|2018|0x00000007fda00000, 0x00000007fdc00000, 0x00000007fdc00000|100%| O|  |TAMS 0x00000007fda00000| PB 0x00000007fda00000| Untracked 
|2019|0x00000007fdc00000, 0x00000007fde00000, 0x00000007fde00000|100%| O|  |TAMS 0x00000007fdc00000| PB 0x00000007fdc00000| Untracked 
|2020|0x00000007fde00000, 0x00000007fe000000, 0x00000007fe000000|100%| O|  |TAMS 0x00000007fde00000| PB 0x00000007fde00000| Untracked 
|2021|0x00000007fe000000, 0x00000007fe200000, 0x00000007fe200000|100%| O|  |TAMS 0x00000007fe000000| PB 0x00000007fe000000| Untracked 
|2022|0x00000007fe200000, 0x00000007fe400000, 0x00000007fe400000|100%| O|  |TAMS 0x00000007fe200000| PB 0x00000007fe200000| Untracked 
|2023|0x00000007fe400000, 0x00000007fe600000, 0x00000007fe600000|100%| O|  |TAMS 0x00000007fe400000| PB 0x00000007fe400000| Untracked 
|2024|0x00000007fe600000, 0x00000007fe800000, 0x00000007fe800000|100%| O|  |TAMS 0x00000007fe600000| PB 0x00000007fe600000| Untracked 
|2025|0x00000007fe800000, 0x00000007fea00000, 0x00000007fea00000|100%| O|  |TAMS 0x00000007fe800000| PB 0x00000007fe800000| Untracked 
|2026|0x00000007fea00000, 0x00000007fec00000, 0x00000007fec00000|100%| E|CS|TAMS 0x00000007fea00000| PB 0x00000007fea00000| Complete 
|2027|0x00000007fec00000, 0x00000007fee00000, 0x00000007fee00000|100%| O|  |TAMS 0x00000007fec00000| PB 0x00000007fec00000| Untracked 
|2028|0x00000007fee00000, 0x00000007ff000000, 0x00000007ff000000|100%| O|  |TAMS 0x00000007fee00000| PB 0x00000007fee00000| Untracked 
|2029|0x00000007ff000000, 0x00000007ff200000, 0x00000007ff200000|100%| O|  |TAMS 0x00000007ff000000| PB 0x00000007ff000000| Untracked 
|2030|0x00000007ff200000, 0x00000007ff400000, 0x00000007ff400000|100%| O|  |TAMS 0x00000007ff200000| PB 0x00000007ff200000| Untracked 
|2031|0x00000007ff400000, 0x00000007ff600000, 0x00000007ff600000|100%| O|  |TAMS 0x00000007ff400000| PB 0x00000007ff400000| Untracked 
|2032|0x00000007ff600000, 0x00000007ff800000, 0x00000007ff800000|100%| O|Cm|TAMS 0x00000007ff600000| PB 0x00000007ff600000| Complete 
|2033|0x00000007ff800000, 0x00000007ffa00000, 0x00000007ffa00000|100%| O|  |TAMS 0x00000007ff800000| PB 0x00000007ff800000| Untracked 
|2034|0x00000007ffa00000, 0x00000007ffc00000, 0x00000007ffc00000|100%| O|  |TAMS 0x00000007ffa00000| PB 0x00000007ffa00000| Untracked 
|2035|0x00000007ffc00000, 0x00000007ffe00000, 0x00000007ffe00000|100%| O|  |TAMS 0x00000007ffc00000| PB 0x00000007ffc00000| Untracked 
|2036|0x00000007ffe00000, 0x0000000800000000, 0x0000000800000000|100%| O|  |TAMS 0x00000007ffe00000| PB 0x00000007ffe00000| Untracked 

Card table byte_map: [0x000001eb204b0000,0x000001eb20cb0000] _byte_map_base: 0x000001eb1cca5000

Marking Bits: (CMBitMap*) 0x000001eb07d934c0
 Bits: [0x000001eb20cb0000, 0x000001eb24c58000)

Polling page: 0x000001eb05e90000

Metaspace:

Usage:
  Non-class:     87.68 MB used.
      Class:     15.82 MB used.
       Both:    103.49 MB used.

Virtual space:
  Non-class space:      128.00 MB reserved,      88.44 MB ( 69%) committed,  2 nodes.
      Class space:        1.00 GB reserved,      16.44 MB (  2%) committed,  1 nodes.
             Both:        1.12 GB reserved,     104.88 MB (  9%) committed. 

Chunk freelists:
   Non-Class:  6.98 MB
       Class:  15.44 MB
        Both:  22.42 MB

MaxMetaspaceSize: unlimited
CompressedClassSpaceSize: 1.00 GB
Initial GC threshold: 21.00 MB
Current GC threshold: 169.62 MB
CDS: on
 - commit_granule_bytes: 65536.
 - commit_granule_words: 8192.
 - virtual_space_node_default_size: 8388608.
 - enlarge_chunks_in_place: 1.
 - use_allocation_guard: 0.


Internal statistics:

num_allocs_failed_limit: 21.
num_arena_births: 2176.
num_arena_deaths: 122.
num_vsnodes_births: 3.
num_vsnodes_deaths: 0.
num_space_committed: 1671.
num_space_uncommitted: 0.
num_chunks_returned_to_freelist: 191.
num_chunks_taken_from_freelist: 6783.
num_chunk_merges: 71.
num_chunk_splits: 4227.
num_chunks_enlarged: 2780.
num_inconsistent_stats: 0.

CodeHeap 'non-profiled nmethods': size=119168Kb used=11862Kb max_used=11862Kb free=107306Kb
 bounds [0x000001eb17fd0000, 0x000001eb18b90000, 0x000001eb1f430000]
CodeHeap 'profiled nmethods': size=119104Kb used=20168Kb max_used=22696Kb free=98935Kb
 bounds [0x000001eb10430000, 0x000001eb11a70000, 0x000001eb17880000]
CodeHeap 'non-nmethods': size=7488Kb used=4766Kb max_used=4782Kb free=2721Kb
 bounds [0x000001eb17880000, 0x000001eb17d30000, 0x000001eb17fd0000]
CodeCache: size=245760Kb, used=36796Kb, max_used=39340Kb, free=208962Kb
 total_blobs=14473, nmethods=12303, adapters=2070, full_count=0
Compilation: enabled, stopped_count=0, restarted_count=0

Compilation events (20 events):
Event: 13.123 Thread 0x000001eb6d07dc70 nmethod 15553 0x000001eb10bcbb90 code [0x000001eb10bcbd40, 0x000001eb10bcbea0]
Event: 13.123 Thread 0x000001eb6d07d5c0 nmethod 15554 0x000001eb10bcb790 code [0x000001eb10bcb940, 0x000001eb10bcbaa0]
Event: 13.123 Thread 0x000001eb6d07dc70 15557   !   3       io.github.humbleui.skija.svg.SVGDOM::getRoot (45 bytes)
Event: 13.123 Thread 0x000001eb6d07d5c0 15558       3       io.github.humbleui.skija.svg.SVGSVG::<init> (6 bytes)
Event: 13.123 Thread 0x000001eb6d07d5c0 nmethod 15558 0x000001eb10bcb210 code [0x000001eb10bcb3e0, 0x000001eb10bcb638]
Event: 13.123 Thread 0x000001eb6d07d5c0 15559       3       io.github.humbleui.skija.svg.SVGContainer::<init> (6 bytes)
Event: 13.123 Thread 0x000001eb6d07dc70 nmethod 15557 0x000001eb11140090 code [0x000001eb111402a0, 0x000001eb111408a8]
Event: 13.123 Thread 0x000001eb6d07dc70 15560       3       io.github.humbleui.skija.svg.SVGTransformableNode::<init> (6 bytes)
Event: 13.123 Thread 0x000001eb6d07d5c0 nmethod 15559 0x000001eb10bcad90 code [0x000001eb10bcaf40, 0x000001eb10bcb130]
Event: 13.123 Thread 0x000001eb6d07d5c0 15561       3       io.github.humbleui.skija.svg.SVGNode::<init> (6 bytes)
Event: 13.123 Thread 0x000001eb6d07dc70 nmethod 15560 0x000001eb1113fc90 code [0x000001eb1113fe40, 0x000001eb1113ffd8]
Event: 13.123 Thread 0x000001eb6d07dc70 15562       3       io.github.humbleui.skija.svg.SVGLengthContext::<init> (15 bytes)
Event: 13.123 Thread 0x000001eb6d07d5c0 nmethod 15561 0x000001eb10bcaa10 code [0x000001eb10bcabc0, 0x000001eb10bcacf8]
Event: 13.123 Thread 0x000001eb6d07dc70 nmethod 15562 0x000001eb1113f790 code [0x000001eb1113f940, 0x000001eb1113fb28]
Event: 13.123 Thread 0x000001eb6d0c8960 nmethod 15556 0x000001eb10a10110 code [0x000001eb10a10580, 0x000001eb10a121d0]
Event: 13.124 Thread 0x000001eb6d02d8f0 nmethod 15555 0x000001eb10715990 code [0x000001eb107160a0, 0x000001eb1071a008]
Event: 13.155 Thread 0x000001eb6d024e40 15563       4       io.github.humbleui.skija.impl.Managed::close (119 bytes)
Event: 13.158 Thread 0x000001eb6d024e40 nmethod 15563 0x000001eb18970d10 code [0x000001eb18970ee0, 0x000001eb189715d0]
Event: 13.158 Thread 0x000001eb6d024e40 15564       4       io.github.humbleui.skija.impl.Log::_log (56 bytes)
Event: 13.158 Thread 0x000001eb6d024e40 nmethod 15564 0x000001eb18970a10 code [0x000001eb18970ba0, 0x000001eb18970c28]

GC Heap History (20 events):
Event: 7.779 GC heap before
{Heap before GC invocations=23 (full 0):
 garbage-first heap   total 370688K, used 332902K [0x0000000701600000, 0x0000000800000000)
  region size 2048K, 88 young (180224K), 7 survivors (14336K)
 Metaspace       used 75004K, committed 76096K, reserved 1114112K
  class space    used 11642K, committed 12160K, reserved 1048576K
}
Event: 7.791 GC heap after
{Heap after GC invocations=24 (full 0):
 garbage-first heap   total 370688K, used 172470K [0x0000000701600000, 0x0000000800000000)
  region size 2048K, 9 young (18432K), 9 survivors (18432K)
 Metaspace       used 75004K, committed 76096K, reserved 1114112K
  class space    used 11642K, committed 12160K, reserved 1048576K
}
Event: 8.596 GC heap before
{Heap before GC invocations=24 (full 0):
 garbage-first heap   total 370688K, used 334262K [0x0000000701600000, 0x0000000800000000)
  region size 2048K, 89 young (182272K), 9 survivors (18432K)
 Metaspace       used 87667K, committed 88896K, reserved 1179648K
  class space    used 13274K, committed 13824K, reserved 1048576K
}
Event: 8.608 GC heap after
{Heap after GC invocations=25 (full 0):
 garbage-first heap   total 471040K, used 185427K [0x0000000701600000, 0x0000000800000000)
  region size 2048K, 10 young (20480K), 10 survivors (20480K)
 Metaspace       used 87667K, committed 88896K, reserved 1179648K
  class space    used 13274K, committed 13824K, reserved 1048576K
}
Event: 9.185 GC heap before
{Heap before GC invocations=25 (full 0):
 garbage-first heap   total 471040K, used 422995K [0x0000000701600000, 0x0000000800000000)
  region size 2048K, 125 young (256000K), 10 survivors (20480K)
 Metaspace       used 95617K, committed 96832K, reserved 1179648K
  class space    used 14608K, committed 15168K, reserved 1048576K
}
Event: 9.192 GC heap after
{Heap after GC invocations=26 (full 0):
 garbage-first heap   total 471040K, used 187834K [0x0000000701600000, 0x0000000800000000)
  region size 2048K, 8 young (16384K), 8 survivors (16384K)
 Metaspace       used 95617K, committed 96832K, reserved 1179648K
  class space    used 14608K, committed 15168K, reserved 1048576K
}
Event: 9.302 GC heap before
{Heap before GC invocations=26 (full 0):
 garbage-first heap   total 471040K, used 251322K [0x0000000701600000, 0x0000000800000000)
  region size 2048K, 25 young (51200K), 8 survivors (16384K)
 Metaspace       used 96222K, committed 97472K, reserved 1179648K
  class space    used 14712K, committed 15296K, reserved 1048576K
}
Event: 9.307 GC heap after
{Heap after GC invocations=27 (full 0):
 garbage-first heap   total 471040K, used 198431K [0x0000000701600000, 0x0000000800000000)
  region size 2048K, 8 young (16384K), 8 survivors (16384K)
 Metaspace       used 96222K, committed 97472K, reserved 1179648K
  class space    used 14712K, committed 15296K, reserved 1048576K
}
Event: 9.560 GC heap before
{Heap before GC invocations=27 (full 0):
 garbage-first heap   total 471040K, used 458527K [0x0000000701600000, 0x0000000800000000)
  region size 2048K, 124 young (253952K), 8 survivors (16384K)
 Metaspace       used 100120K, committed 101504K, reserved 1179648K
  class space    used 15329K, committed 15936K, reserved 1048576K
}
Event: 9.571 GC heap after
{Heap after GC invocations=28 (full 0):
 garbage-first heap   total 493568K, used 205239K [0x0000000701600000, 0x0000000800000000)
  region size 2048K, 16 young (32768K), 16 survivors (32768K)
 Metaspace       used 100120K, committed 101504K, reserved 1179648K
  class space    used 15329K, committed 15936K, reserved 1048576K
}
Event: 9.673 GC heap before
{Heap before GC invocations=28 (full 0):
 garbage-first heap   total 493568K, used 450999K [0x0000000701600000, 0x0000000800000000)
  region size 2048K, 137 young (280576K), 16 survivors (32768K)
 Metaspace       used 100795K, committed 102208K, reserved 1179648K
  class space    used 15411K, committed 16064K, reserved 1048576K
}
Event: 9.685 GC heap after
{Heap after GC invocations=29 (full 0):
 garbage-first heap   total 497664K, used 215356K [0x0000000701600000, 0x0000000800000000)
  region size 2048K, 14 young (28672K), 14 survivors (28672K)
 Metaspace       used 100795K, committed 102208K, reserved 1179648K
  class space    used 15411K, committed 16064K, reserved 1048576K
}
Event: 9.693 GC heap before
{Heap before GC invocations=29 (full 0):
 garbage-first heap   total 497664K, used 239932K [0x0000000701600000, 0x0000000800000000)
  region size 2048K, 28 young (57344K), 14 survivors (28672K)
 Metaspace       used 100828K, committed 102208K, reserved 1179648K
  class space    used 15414K, committed 16064K, reserved 1048576K
}
Event: 9.700 GC heap after
{Heap after GC invocations=30 (full 0):
 garbage-first heap   total 497664K, used 215040K [0x0000000701600000, 0x0000000800000000)
  region size 2048K, 7 young (14336K), 7 survivors (14336K)
 Metaspace       used 100828K, committed 102208K, reserved 1179648K
  class space    used 15414K, committed 16064K, reserved 1048576K
}
Event: 10.053 GC heap before
{Heap before GC invocations=31 (full 0):
 garbage-first heap   total 497664K, used 473088K [0x0000000701600000, 0x0000000800000000)
  region size 2048K, 128 young (262144K), 7 survivors (14336K)
 Metaspace       used 101711K, committed 103040K, reserved 1179648K
  class space    used 15576K, committed 16192K, reserved 1048576K
}
Event: 10.061 GC heap after
{Heap after GC invocations=32 (full 0):
 garbage-first heap   total 499712K, used 224607K [0x0000000701600000, 0x0000000800000000)
  region size 2048K, 12 young (24576K), 12 survivors (24576K)
 Metaspace       used 101711K, committed 103040K, reserved 1179648K
  class space    used 15576K, committed 16192K, reserved 1048576K
}
Event: 10.378 GC heap before
{Heap before GC invocations=32 (full 0):
 garbage-first heap   total 499712K, used 466271K [0x0000000701600000, 0x0000000800000000)
  region size 2048K, 130 young (266240K), 12 survivors (24576K)
 Metaspace       used 102067K, committed 103424K, reserved 1179648K
  class space    used 15611K, committed 16192K, reserved 1048576K
}
Event: 10.401 GC heap after
{Heap after GC invocations=33 (full 0):
 garbage-first heap   total 774144K, used 248419K [0x0000000701600000, 0x0000000800000000)
  region size 2048K, 17 young (34816K), 17 survivors (34816K)
 Metaspace       used 102067K, committed 103424K, reserved 1179648K
  class space    used 15611K, committed 16192K, reserved 1048576K
}
Event: 10.744 GC heap before
{Heap before GC invocations=33 (full 0):
 garbage-first heap   total 774144K, used 338531K [0x0000000701600000, 0x0000000800000000)
  region size 2048K, 62 young (126976K), 17 survivors (34816K)
 Metaspace       used 102785K, committed 104192K, reserved 1179648K
  class space    used 15743K, committed 16384K, reserved 1048576K
}
Event: 10.762 GC heap after
{Heap after GC invocations=34 (full 0):
 garbage-first heap   total 774144K, used 272819K [0x0000000701600000, 0x0000000800000000)
  region size 2048K, 24 young (49152K), 24 survivors (49152K)
 Metaspace       used 102785K, committed 104192K, reserved 1179648K
  class space    used 15743K, committed 16384K, reserved 1048576K
}

Dll operation events (20 events):
Event: 9.584 Attempting to load shared library C:\Users\Administrator\.javacpp\cache\windows-x86_64\avcodec-61.dll
Event: 9.585 Loaded shared library C:\Users\Administrator\.javacpp\cache\windows-x86_64\avcodec-61.dll
Event: 9.588 Attempting to load shared library C:\Users\Administrator\.javacpp\cache\windows-x86_64\jniavcodec.dll
Event: 9.589 Loaded shared library C:\Users\Administrator\.javacpp\cache\windows-x86_64\jniavcodec.dll
Event: 9.626 Attempting to load shared library C:\Users\Administrator\.javacpp\cache\windows-x86_64\avformat-61.dll
Event: 9.627 Loaded shared library C:\Users\Administrator\.javacpp\cache\windows-x86_64\avformat-61.dll
Event: 9.630 Attempting to load shared library C:\Users\Administrator\.javacpp\cache\windows-x86_64\jniavformat.dll
Event: 9.632 Loaded shared library C:\Users\Administrator\.javacpp\cache\windows-x86_64\jniavformat.dll
Event: 9.657 Attempting to load shared library C:\Users\Administrator\.javacpp\cache\windows-x86_64\swscale-8.dll
Event: 9.658 Loaded shared library C:\Users\Administrator\.javacpp\cache\windows-x86_64\swscale-8.dll
Event: 9.661 Attempting to load shared library C:\Users\Administrator\.javacpp\cache\windows-x86_64\jniswscale.dll
Event: 9.661 Loaded shared library C:\Users\Administrator\.javacpp\cache\windows-x86_64\jniswscale.dll
Event: 9.692 Attempting to load shared library C:\Users\Administrator\.javacpp\cache\windows-x86_64\avfilter-10.dll
Event: 9.692 Loaded shared library C:\Users\Administrator\.javacpp\cache\windows-x86_64\avfilter-10.dll
Event: 9.706 Attempting to load shared library C:\Users\Administrator\.javacpp\cache\windows-x86_64\jniavfilter.dll
Event: 9.707 Loaded shared library C:\Users\Administrator\.javacpp\cache\windows-x86_64\jniavfilter.dll
Event: 9.724 Attempting to load shared library C:\Users\Administrator\.javacpp\cache\windows-x86_64\avdevice-61.dll
Event: 9.726 Loaded shared library C:\Users\Administrator\.javacpp\cache\windows-x86_64\avdevice-61.dll
Event: 9.728 Attempting to load shared library C:\Users\Administrator\.javacpp\cache\windows-x86_64\jniavdevice.dll
Event: 9.729 Loaded shared library C:\Users\Administrator\.javacpp\cache\windows-x86_64\jniavdevice.dll

Deoptimization events (20 events):
Event: 11.138 Thread 0x000001eb0599a900 DEOPT PACKING pc=0x000001eb18b5cf14 sp=0x0000000b123fe5e0
Event: 11.138 Thread 0x000001eb0599a900 DEOPT UNPACKING pc=0x000001eb178d4422 sp=0x0000000b123fe578 mode 2
Event: 11.148 Thread 0x000001eb0599a900 Uncommon trap: trap_request=0xffffffc6 fr.pc=0x000001eb18b0ca54 relative=0x00000000000005d4
Event: 11.148 Thread 0x000001eb0599a900 Uncommon trap: reason=bimorphic_or_optimized_type_check action=maybe_recompile pc=0x000001eb18b0ca54 method=java.util.Comparator.lambda$comparing$77a9974f$1(Ljava/util/function/Function;Ljava/lang/Object;Ljava/lang/Object;)I @ 17 c2
Event: 11.148 Thread 0x000001eb0599a900 DEOPT PACKING pc=0x000001eb18b0ca54 sp=0x0000000b123fdcd0
Event: 11.148 Thread 0x000001eb0599a900 DEOPT UNPACKING pc=0x000001eb178d4422 sp=0x0000000b123fdbf0 mode 2
Event: 11.148 Thread 0x000001eb0599a900 Uncommon trap: trap_request=0xffffffc6 fr.pc=0x000001eb18b0ca54 relative=0x00000000000005d4
Event: 11.148 Thread 0x000001eb0599a900 Uncommon trap: reason=bimorphic_or_optimized_type_check action=maybe_recompile pc=0x000001eb18b0ca54 method=java.util.Comparator.lambda$comparing$77a9974f$1(Ljava/util/function/Function;Ljava/lang/Object;Ljava/lang/Object;)I @ 17 c2
Event: 11.148 Thread 0x000001eb0599a900 DEOPT PACKING pc=0x000001eb18b0ca54 sp=0x0000000b123fdd60
Event: 11.148 Thread 0x000001eb0599a900 DEOPT UNPACKING pc=0x000001eb178d4422 sp=0x0000000b123fdc80 mode 2
Event: 11.149 Thread 0x000001eb0599a900 Uncommon trap: trap_request=0xffffffc6 fr.pc=0x000001eb18b0ca54 relative=0x00000000000005d4
Event: 11.149 Thread 0x000001eb0599a900 Uncommon trap: reason=bimorphic_or_optimized_type_check action=maybe_recompile pc=0x000001eb18b0ca54 method=java.util.Comparator.lambda$comparing$77a9974f$1(Ljava/util/function/Function;Ljava/lang/Object;Ljava/lang/Object;)I @ 17 c2
Event: 11.149 Thread 0x000001eb0599a900 DEOPT PACKING pc=0x000001eb18b0ca54 sp=0x0000000b123fe180
Event: 11.149 Thread 0x000001eb0599a900 DEOPT UNPACKING pc=0x000001eb178d4422 sp=0x0000000b123fe0a0 mode 2
Event: 11.149 Thread 0x000001eb0599a900 Uncommon trap: trap_request=0xffffffc6 fr.pc=0x000001eb18b0ca54 relative=0x00000000000005d4
Event: 11.149 Thread 0x000001eb0599a900 Uncommon trap: reason=bimorphic_or_optimized_type_check action=maybe_recompile pc=0x000001eb18b0ca54 method=java.util.Comparator.lambda$comparing$77a9974f$1(Ljava/util/function/Function;Ljava/lang/Object;Ljava/lang/Object;)I @ 17 c2
Event: 11.149 Thread 0x000001eb0599a900 DEOPT PACKING pc=0x000001eb18b0ca54 sp=0x0000000b123fe180
Event: 11.149 Thread 0x000001eb0599a900 DEOPT UNPACKING pc=0x000001eb178d4422 sp=0x0000000b123fe0a0 mode 2
Event: 11.329 Thread 0x000001eb0599a900 DEOPT PACKING pc=0x000001eb10dee8ae sp=0x0000000b123fe480
Event: 11.329 Thread 0x000001eb0599a900 DEOPT UNPACKING pc=0x000001eb178d4bc2 sp=0x0000000b123fd8f0 mode 0

Classes loaded (20 events):
Event: 9.494 Loading class java/nio/file/StandardCopyOption
Event: 9.494 Loading class java/nio/file/StandardCopyOption done
Event: 10.167 Loading class java/util/EnumMap$KeySet
Event: 10.167 Loading class java/util/EnumMap$KeySet done
Event: 10.167 Loading class java/util/EnumMap$KeyIterator
Event: 10.167 Loading class java/util/EnumMap$KeyIterator done
Event: 10.171 Loading class java/lang/FdLibm$Atan2
Event: 10.171 Loading class java/lang/FdLibm$Atan2 done
Event: 10.171 Loading class java/lang/FdLibm$Atan
Event: 10.172 Loading class java/lang/FdLibm$Atan done
Event: 10.201 Loading class java/util/stream/Streams$IntStreamBuilderImpl
Event: 10.201 Loading class java/util/stream/IntStream$Builder
Event: 10.201 Loading class java/util/stream/IntStream$Builder done
Event: 10.201 Loading class java/util/stream/Streams$IntStreamBuilderImpl done
Event: 10.322 Loading class java/util/stream/ForEachOps$ForEachOp$OfInt
Event: 10.322 Loading class java/util/stream/ForEachOps$ForEachOp$OfInt done
Event: 10.663 Loading class java/util/TreeMap$KeySpliterator
Event: 10.663 Loading class java/util/TreeMap$TreeMapSpliterator
Event: 10.663 Loading class java/util/TreeMap$TreeMapSpliterator done
Event: 10.663 Loading class java/util/TreeMap$KeySpliterator done

Classes unloaded (20 events):
Event: 10.869 Thread 0x000001eb2779c680 Unloading class 0x000001eb29fb0800 'java/lang/invoke/LambdaForm$DMH+0x000001eb29fb0800'
Event: 10.869 Thread 0x000001eb2779c680 Unloading class 0x000001eb29fb0400 'java/lang/invoke/LambdaForm$DMH+0x000001eb29fb0400'
Event: 10.869 Thread 0x000001eb2779c680 Unloading class 0x000001eb29fb0000 'java/lang/invoke/LambdaForm$DMH+0x000001eb29fb0000'
Event: 10.869 Thread 0x000001eb2779c680 Unloading class 0x000001eb29faac00 'java/lang/invoke/LambdaForm$DMH+0x000001eb29faac00'
Event: 10.869 Thread 0x000001eb2779c680 Unloading class 0x000001eb29faa800 'java/lang/invoke/LambdaForm$DMH+0x000001eb29faa800'
Event: 10.869 Thread 0x000001eb2779c680 Unloading class 0x000001eb29faa000 'java/lang/invoke/LambdaForm$DMH+0x000001eb29faa000'
Event: 10.869 Thread 0x000001eb2779c680 Unloading class 0x000001eb29fa9c00 'java/lang/invoke/LambdaForm$DMH+0x000001eb29fa9c00'
Event: 10.869 Thread 0x000001eb2779c680 Unloading class 0x000001eb29fa9800 'java/lang/invoke/LambdaForm$DMH+0x000001eb29fa9800'
Event: 10.869 Thread 0x000001eb2779c680 Unloading class 0x000001eb29fa9400 'java/lang/invoke/LambdaForm$DMH+0x000001eb29fa9400'
Event: 10.869 Thread 0x000001eb2779c680 Unloading class 0x000001eb29fa9000 'java/lang/invoke/LambdaForm$DMH+0x000001eb29fa9000'
Event: 10.869 Thread 0x000001eb2779c680 Unloading class 0x000001eb29fa8800 'java/lang/invoke/LambdaForm$DMH+0x000001eb29fa8800'
Event: 10.869 Thread 0x000001eb2779c680 Unloading class 0x000001eb29fa8c00 'java/lang/invoke/LambdaForm$DMH+0x000001eb29fa8c00'
Event: 10.869 Thread 0x000001eb2779c680 Unloading class 0x000001eb29fa8400 'java/lang/invoke/LambdaForm$DMH+0x000001eb29fa8400'
Event: 10.869 Thread 0x000001eb2779c680 Unloading class 0x000001eb29f89800 'java/lang/invoke/LambdaForm$DMH+0x000001eb29f89800'
Event: 10.869 Thread 0x000001eb2779c680 Unloading class 0x000001eb29f89400 'java/lang/invoke/LambdaForm$DMH+0x000001eb29f89400'
Event: 10.869 Thread 0x000001eb2779c680 Unloading class 0x000001eb29f3c800 'java/lang/invoke/LambdaForm$DMH+0x000001eb29f3c800'
Event: 10.869 Thread 0x000001eb2779c680 Unloading class 0x000001eb29f19c00 'java/lang/invoke/LambdaForm$MH+0x000001eb29f19c00'
Event: 10.869 Thread 0x000001eb2779c680 Unloading class 0x000001eb29f19400 'java/lang/invoke/LambdaForm$DMH+0x000001eb29f19400'
Event: 10.869 Thread 0x000001eb2779c680 Unloading class 0x000001eb29f18c00 'java/lang/invoke/LambdaForm$DMH+0x000001eb29f18c00'
Event: 10.869 Thread 0x000001eb2779c680 Unloading class 0x000001eb29f18400 'java/lang/invoke/LambdaForm$DMH+0x000001eb29f18400'

Classes redefined (0 events):
No events

Internal exceptions (20 events):
Event: 9.507 Thread 0x000001eb72463d90 Exception <a 'java/lang/NoSuchMethodError'{0x00000007107c8768}: 'java.lang.Object java.lang.invoke.Invokers$Holder.linkToTargetMethod(java.lang.Object, java.lang.Object, int, int, java.lang.Object)'> (0x00000007107c8768) 
thrown [s\src\hotspot\share\interpreter\linkResolver.cpp, line 773]
Event: 9.507 Thread 0x000001eb00e400f0 Exception <a 'java/lang/NoSuchMethodError'{0x0000000710ab5540}: 'java.lang.Object java.lang.invoke.Invokers$Holder.linkToTargetMethod(java.lang.Object, java.lang.Object, int, int, java.lang.Object)'> (0x0000000710ab5540) 
thrown [s\src\hotspot\share\interpreter\linkResolver.cpp, line 773]
Event: 9.507 Thread 0x000001eb00e3d990 Exception <a 'java/lang/NoSuchMethodError'{0x0000000710c6ef08}: 'java.lang.Object java.lang.invoke.Invokers$Holder.linkToTargetMethod(java.lang.Object, java.lang.Object, int, int, java.lang.Object)'> (0x0000000710c6ef08) 
thrown [s\src\hotspot\share\interpreter\linkResolver.cpp, line 773]
Event: 9.507 Thread 0x000001eb72467210 Exception <a 'java/lang/NoSuchMethodError'{0x00000007108b74f0}: 'java.lang.Object java.lang.invoke.Invokers$Holder.linkToTargetMethod(java.lang.Object, java.lang.Object, int, int, java.lang.Object)'> (0x00000007108b74f0) 
thrown [s\src\hotspot\share\interpreter\linkResolver.cpp, line 773]
Event: 9.507 Thread 0x000001eb72464ab0 Exception <a 'java/lang/NoSuchMethodError'{0x00000007115ab948}: 'java.lang.Object java.lang.invoke.Invokers$Holder.linkToTargetMethod(java.lang.Object, java.lang.Object, int, int, java.lang.Object)'> (0x00000007115ab948) 
thrown [s\src\hotspot\share\interpreter\linkResolver.cpp, line 773]
Event: 9.507 Thread 0x000001eb72461630 Exception <a 'java/lang/NoSuchMethodError'{0x0000000711286688}: 'java.lang.Object java.lang.invoke.Invokers$Holder.linkToTargetMethod(java.lang.Object, java.lang.Object, int, int, java.lang.Object)'> (0x0000000711286688) 
thrown [s\src\hotspot\share\interpreter\linkResolver.cpp, line 773]
Event: 9.509 Thread 0x000001eb00e3d990 Exception <a 'java/lang/NoSuchMethodError'{0x0000000710c76808}: 'void java.lang.invoke.DirectMethodHandle$Holder.invokeStatic(java.lang.Object, int, java.lang.Object)'> (0x0000000710c76808) 
thrown [s\src\hotspot\share\interpreter\linkResolver.cpp, line 773]
Event: 9.509 Thread 0x000001eb7051ac20 Exception <a 'java/lang/NoSuchMethodError'{0x000000071163f898}: 'void java.lang.invoke.DirectMethodHandle$Holder.invokeStatic(java.lang.Object, int, java.lang.Object)'> (0x000000071163f898) 
thrown [s\src\hotspot\share\interpreter\linkResolver.cpp, line 773]
Event: 9.509 Thread 0x000001eb00e400f0 Exception <a 'java/lang/NoSuchMethodError'{0x0000000710abaa90}: 'void java.lang.invoke.DirectMethodHandle$Holder.invokeStatic(java.lang.Object, int, java.lang.Object)'> (0x0000000710abaa90) 
thrown [s\src\hotspot\share\interpreter\linkResolver.cpp, line 773]
Event: 9.509 Thread 0x000001eb72464ab0 Exception <a 'java/lang/NoSuchMethodError'{0x00000007115b1ce8}: 'void java.lang.invoke.DirectMethodHandle$Holder.invokeStatic(java.lang.Object, int, java.lang.Object)'> (0x00000007115b1ce8) 
thrown [s\src\hotspot\share\interpreter\linkResolver.cpp, line 773]
Event: 9.509 Thread 0x000001eb72461630 Exception <a 'java/lang/NoSuchMethodError'{0x000000071128c9b8}: 'void java.lang.invoke.DirectMethodHandle$Holder.invokeStatic(java.lang.Object, int, java.lang.Object)'> (0x000000071128c9b8) 
thrown [s\src\hotspot\share\interpreter\linkResolver.cpp, line 773]
Event: 9.509 Thread 0x000001eb72466b80 Exception <a 'java/lang/NoSuchMethodError'{0x00000007127b4f70}: 'void java.lang.invoke.DirectMethodHandle$Holder.invokeStatic(java.lang.Object, int, java.lang.Object)'> (0x00000007127b4f70) 
thrown [s\src\hotspot\share\interpreter\linkResolver.cpp, line 773]
Event: 9.509 Thread 0x000001eb72463d90 Exception <a 'java/lang/NoSuchMethodError'{0x00000007107ce088}: 'void java.lang.invoke.DirectMethodHandle$Holder.invokeStatic(java.lang.Object, int, java.lang.Object)'> (0x00000007107ce088) 
thrown [s\src\hotspot\share\interpreter\linkResolver.cpp, line 773]
Event: 9.727 Thread 0x000001eb72466b80 Exception <a 'java/lang/NoSuchMethodError'{0x000000071be27038}: 'void java.lang.invoke.DirectMethodHandle$Holder.invokeSpecial(java.lang.Object, java.lang.Object, java.lang.Object, java.lang.Object, java.lang.Object, java.lang.Object, java.lang.Object)'> (0x000000071be27038) 
thrown [s\src\hotspot\share\interpreter\linkResolver.cpp, line 773]
Event: 9.735 Thread 0x000001eb72466b80 Exception <a 'java/lang/NoSuchMethodError'{0x000000071a6f1cd0}: 'void java.lang.invoke.DirectMethodHandle$Holder.invokeSpecial(java.lang.Object, java.lang.Object, int, java.lang.Object)'> (0x000000071a6f1cd0) 
thrown [s\src\hotspot\share\interpreter\linkResolver.cpp, line 773]
Event: 9.855 Thread 0x000001eb724664f0 Implicit null exception at 0x000001eb18b1d5ab to 0x000001eb18b1d980
Event: 9.859 Thread 0x000001eb0599a900 Exception <a 'java/lang/IncompatibleClassChangeError'{0x0000000717cc2b78}: Found class java.lang.Object, but interface was expected> (0x0000000717cc2b78) 
thrown [s\src\hotspot\share\interpreter\linkResolver.cpp, line 840]
Event: 10.613 Thread 0x000001eb0599a900 Exception <a 'java/lang/NoSuchMethodError'{0x00000007297125c0}: 'java.lang.Object java.lang.invoke.DirectMethodHandle$Holder.newInvokeSpecial(java.lang.Object, int, java.lang.Object, java.lang.Object, java.lang.Object)'> (0x00000007297125c0) 
thrown [s\src\hotspot\share\interpreter\linkResolver.cpp, line 773]
Event: 10.741 Thread 0x000001eb0599a900 Exception <a 'java/lang/IncompatibleClassChangeError'{0x000000072880bf18}: Found class java.lang.Object, but interface was expected> (0x000000072880bf18) 
thrown [s\src\hotspot\share\interpreter\linkResolver.cpp, line 840]
Event: 11.144 Thread 0x000001eb0599a900 Exception <a 'java/lang/NoSuchMethodError'{0x000000072a058ed0}: 'java.lang.Object java.lang.invoke.DirectMethodHandle$Holder.invokeStatic(java.lang.Object, java.lang.Object, java.lang.Object, float)'> (0x000000072a058ed0) 
thrown [s\src\hotspot\share\interpreter\linkResolver.cpp, line 773]

ZGC Phase Switch (0 events):
No events

VM Operations (20 events):
Event: 10.323 Executing non-safepoint VM operation: HandshakeAllThreads (Deoptimize)
Event: 10.323 Executing non-safepoint VM operation: HandshakeAllThreads (Deoptimize) done
Event: 10.329 Executing safepoint VM operation: ICBufferFull
Event: 10.329 Executing safepoint VM operation: ICBufferFull done
Event: 10.378 Executing safepoint VM operation: G1CollectForAllocation (G1 Evacuation Pause)
Event: 10.401 Executing safepoint VM operation: G1CollectForAllocation (G1 Evacuation Pause) done
Event: 10.471 Executing non-safepoint VM operation: HandshakeAllThreads (Deoptimize)
Event: 10.472 Executing non-safepoint VM operation: HandshakeAllThreads (Deoptimize) done
Event: 10.743 Executing safepoint VM operation: G1TryInitiateConcMark (G1 Humongous Allocation)
Event: 10.762 Executing safepoint VM operation: G1TryInitiateConcMark (G1 Humongous Allocation) done
Event: 10.868 Executing safepoint VM operation: G1PauseRemark
Event: 10.879 Executing safepoint VM operation: G1PauseRemark done
Event: 10.923 Executing safepoint VM operation: G1PauseCleanup
Event: 10.923 Executing safepoint VM operation: G1PauseCleanup done
Event: 11.122 Executing non-safepoint VM operation: HandshakeAllThreads (Deoptimize)
Event: 11.122 Executing non-safepoint VM operation: HandshakeAllThreads (Deoptimize) done
Event: 12.122 Executing safepoint VM operation: Cleanup
Event: 12.122 Executing safepoint VM operation: Cleanup done
Event: 13.122 Executing safepoint VM operation: Cleanup
Event: 13.122 Executing safepoint VM operation: Cleanup done

Memory protections (0 events):
No events

Nmethod flushes (20 events):
Event: 10.878 Thread 0x000001eb2779c680 flushing  nmethod 0x000001eb112abf90
Event: 10.878 Thread 0x000001eb2779c680 flushing  nmethod 0x000001eb112ac810
Event: 10.878 Thread 0x000001eb2779c680 flushing  nmethod 0x000001eb112ace90
Event: 10.878 Thread 0x000001eb2779c680 flushing  nmethod 0x000001eb112fa210
Event: 10.878 Thread 0x000001eb2779c680 flushing  nmethod 0x000001eb112ff610
Event: 10.878 Thread 0x000001eb2779c680 flushing  nmethod 0x000001eb11305110
Event: 10.878 Thread 0x000001eb2779c680 flushing  nmethod 0x000001eb11305890
Event: 10.878 Thread 0x000001eb2779c680 flushing  nmethod 0x000001eb11569810
Event: 10.878 Thread 0x000001eb2779c680 flushing  nmethod 0x000001eb11628f10
Event: 10.878 Thread 0x000001eb2779c680 flushing  nmethod 0x000001eb11629310
Event: 10.878 Thread 0x000001eb2779c680 flushing  nmethod 0x000001eb11629890
Event: 10.878 Thread 0x000001eb2779c680 flushing  nmethod 0x000001eb1162a290
Event: 10.878 Thread 0x000001eb2779c680 flushing  nmethod 0x000001eb1162ac90
Event: 10.878 Thread 0x000001eb2779c680 flushing  nmethod 0x000001eb1162b090
Event: 10.878 Thread 0x000001eb2779c680 flushing  nmethod 0x000001eb1162b490
Event: 10.878 Thread 0x000001eb2779c680 flushing  nmethod 0x000001eb1162d010
Event: 10.878 Thread 0x000001eb2779c680 flushing  nmethod 0x000001eb11630190
Event: 10.878 Thread 0x000001eb2779c680 flushing  nmethod 0x000001eb11630590
Event: 10.878 Thread 0x000001eb2779c680 flushing  nmethod 0x000001eb116e1610
Event: 10.878 Thread 0x000001eb2779c680 flushing  nmethod 0x000001eb116e1a10

Events (20 events):
Event: 9.401 Thread 0x000001eb72467210 Thread added: 0x000001eb00e3d990
Event: 9.401 Thread 0x000001eb00e3d990 Thread added: 0x000001eb00e3e6b0
Event: 9.402 Thread 0x000001eb00e3e6b0 Thread added: 0x000001eb00e400f0
Event: 9.403 Thread 0x000001eb0599a900 Thread added: 0x000001eb00e40780
Event: 9.407 Thread 0x000001eb6d0c8960 Thread added: 0x000001eb7d9c89b0
Event: 9.408 Thread 0x000001eb6d07dc70 Thread added: 0x000001eb7d9c6e70
Event: 9.408 Thread 0x000001eb6d024e40 Thread added: 0x000001eb7d9c9750
Event: 9.409 Thread 0x000001eb7d9c7c10 Thread added: 0x000001eb7d9c9e20
Event: 9.470 Thread 0x000001eb72464420 Thread added: 0x000001eb00e41b30
Event: 9.471 Thread 0x000001eb72464420 Thread exited: 0x000001eb72464420
Event: 9.577 Thread 0x000001eb00e41b30 Thread exited: 0x000001eb00e41b30
Event: 9.859 Thread 0x000001eb0599a900 Thread added: 0x000001eb7e02b130
Event: 11.216 Thread 0x000001eb7d9c9e20 Thread exited: 0x000001eb7d9c9e20
Event: 11.379 Thread 0x000001eb7d9c9750 Thread exited: 0x000001eb7d9c9750
Event: 11.497 Thread 0x000001eb7d9c6e70 Thread exited: 0x000001eb7d9c6e70
Event: 11.497 Thread 0x000001eb7d9c89b0 Thread exited: 0x000001eb7d9c89b0
Event: 11.613 Thread 0x000001eb7d9c9080 Thread exited: 0x000001eb7d9c9080
Event: 11.613 Thread 0x000001eb7d9c67a0 Thread exited: 0x000001eb7d9c67a0
Event: 11.613 Thread 0x000001eb7d9c7c10 Thread exited: 0x000001eb7d9c7c10
Event: 13.156 Thread 0x000001eb6e529050 Thread exited: 0x000001eb6e529050


Dynamic libraries:
0x00007ff658390000 - 0x00007ff65839e000 	C:\Program Files\Eclipse Adoptium\jdk-21.0.12.8-hotspot\bin\java.exe
0x00007ffa8fa60000 - 0x00007ffa8fcc6000 	C:\Windows\SYSTEM32\ntdll.dll
0x00007ffa8e280000 - 0x00007ffa8e349000 	C:\Windows\System32\KERNEL32.DLL
0x00007ffa8d2c0000 - 0x00007ffa8d6be000 	C:\Windows\System32\KERNELBASE.dll
0x00007ffa8d130000 - 0x00007ffa8d27c000 	C:\Windows\System32\ucrtbase.dll
0x00007ffa837b0000 - 0x00007ffa837c8000 	C:\Program Files\Eclipse Adoptium\jdk-21.0.12.8-hotspot\bin\jli.dll
0x00007ffa7de00000 - 0x00007ffa7de1e000 	C:\Program Files\Eclipse Adoptium\jdk-21.0.12.8-hotspot\bin\VCRUNTIME140.dll
0x00007ffa8ea50000 - 0x00007ffa8ec17000 	C:\Windows\System32\USER32.dll
0x00007ffa8d290000 - 0x00007ffa8d2b7000 	C:\Windows\System32\win32u.dll
0x00007ffa8f810000 - 0x00007ffa8f83b000 	C:\Windows\System32\GDI32.dll
0x00007ffa81990000 - 0x00007ffa81c22000 	C:\Windows\WinSxS\amd64_microsoft.windows.common-controls_6595b64144ccf1df_6.0.26100.8894_none_3e0f749ee32e02ea\COMCTL32.dll
0x00007ffa8d000000 - 0x00007ffa8d12a000 	C:\Windows\System32\gdi32full.dll
0x00007ffa8eea0000 - 0x00007ffa8ef49000 	C:\Windows\System32\msvcrt.dll
0x00007ffa8cdd0000 - 0x00007ffa8ce73000 	C:\Windows\System32\msvcp_win.dll
0x00007ffa8d940000 - 0x00007ffa8d972000 	C:\Windows\System32\IMM32.DLL
0x00007ffa87780000 - 0x00007ffa8778c000 	C:\Program Files\Eclipse Adoptium\jdk-21.0.12.8-hotspot\bin\vcruntime140_1.dll
0x00007ffa55760000 - 0x00007ffa557ed000 	C:\Program Files\Eclipse Adoptium\jdk-21.0.12.8-hotspot\bin\msvcp140.dll
0x00007ff9ca970000 - 0x00007ff9cb712000 	C:\Program Files\Eclipse Adoptium\jdk-21.0.12.8-hotspot\bin\server\jvm.dll
0x00007ffa8e350000 - 0x00007ffa8e407000 	C:\Windows\System32\ADVAPI32.dll
0x00007ffa8e490000 - 0x00007ffa8e53a000 	C:\Windows\System32\sechost.dll
0x00007ffa8ec20000 - 0x00007ffa8ed38000 	C:\Windows\System32\RPCRT4.dll
0x00007ffa8f6f0000 - 0x00007ffa8f770000 	C:\Windows\System32\WS2_32.dll
0x00007ffa8cb00000 - 0x00007ffa8cb5e000 	C:\Windows\SYSTEM32\POWRPROF.dll
0x00007ffa87110000 - 0x00007ffa8711b000 	C:\Windows\SYSTEM32\VERSION.dll
0x00007ffa7db80000 - 0x00007ffa7dbb6000 	C:\Windows\SYSTEM32\WINMM.dll
0x00007ffa8cae0000 - 0x00007ffa8caf4000 	C:\Windows\SYSTEM32\UMPDC.dll
0x00007ffa8b960000 - 0x00007ffa8b97b000 	C:\Windows\SYSTEM32\kernel.appcore.dll
0x00007ffa7df40000 - 0x00007ffa7df4a000 	C:\Program Files\Eclipse Adoptium\jdk-21.0.12.8-hotspot\bin\jimage.dll
0x00007ffa8a100000 - 0x00007ffa8a342000 	C:\Windows\SYSTEM32\DBGHELP.DLL
0x00007ffa8e540000 - 0x00007ffa8e8c3000 	C:\Windows\System32\combase.dll
0x00007ffa8d7b0000 - 0x00007ffa8d889000 	C:\Windows\System32\OLEAUT32.dll
0x00007ffa7b900000 - 0x00007ffa7b93b000 	C:\Windows\SYSTEM32\dbgcore.DLL
0x00007ffa8cc80000 - 0x00007ffa8cd2c000 	C:\Windows\System32\bcryptPrimitives.dll
0x00007ffa7dde0000 - 0x00007ffa7de00000 	C:\Program Files\Eclipse Adoptium\jdk-21.0.12.8-hotspot\bin\java.dll
0x00007ffa8ef50000 - 0x00007ffa8f6e2000 	C:\Windows\System32\SHELL32.dll
0x00007ffa8a760000 - 0x00007ffa8aff2000 	C:\Windows\SYSTEM32\windows.storage.dll
0x00007ffa8d980000 - 0x00007ffa8da77000 	C:\Windows\System32\SHCORE.dll
0x00007ffa8d8d0000 - 0x00007ffa8d937000 	C:\Windows\System32\shlwapi.dll
0x00007ffa8cb70000 - 0x00007ffa8cb99000 	C:\Windows\SYSTEM32\profapi.dll
0x00007ffa0c3e0000 - 0x00007ffa0c4b7000 	C:\Program Files\Eclipse Adoptium\jdk-21.0.12.8-hotspot\bin\jsvml.dll
0x00007ffa7ddc0000 - 0x00007ffa7ddd0000 	C:\Program Files\Eclipse Adoptium\jdk-21.0.12.8-hotspot\bin\net.dll
0x00007ffa85ed0000 - 0x00007ffa85ff7000 	C:\Windows\SYSTEM32\WINHTTP.dll
0x00007ffa8bf10000 - 0x00007ffa8bf7c000 	C:\Windows\system32\mswsock.dll
0x00007ffa7dda0000 - 0x00007ffa7ddb6000 	C:\Program Files\Eclipse Adoptium\jdk-21.0.12.8-hotspot\bin\nio.dll
0x00007ffa7dd50000 - 0x00007ffa7dd68000 	C:\Program Files\Eclipse Adoptium\jdk-21.0.12.8-hotspot\bin\zip.dll
0x00007ffa7dd90000 - 0x00007ffa7dda0000 	C:\Program Files\Eclipse Adoptium\jdk-21.0.12.8-hotspot\bin\verify.dll
0x00007ffa7dd40000 - 0x00007ffa7dd4a000 	C:\Program Files\Eclipse Adoptium\jdk-21.0.12.8-hotspot\bin\management.dll
0x00007ffa7dce0000 - 0x00007ffa7dcec000 	C:\Program Files\Eclipse Adoptium\jdk-21.0.12.8-hotspot\bin\management_ext.dll
0x00007ffa8d8c0000 - 0x00007ffa8d8c8000 	C:\Windows\System32\PSAPI.DLL
0x00007ffa6c3a0000 - 0x00007ffa6c3b8000 	C:\Windows\system32\napinsp.dll
0x00007ffa8b2f0000 - 0x00007ffa8b446000 	C:\Windows\SYSTEM32\DNSAPI.dll
0x00007ffa8bcf0000 - 0x00007ffa8bcfd000 	C:\Windows\SYSTEM32\DSPARSE.dll
0x00007ffa8b1f0000 - 0x00007ffa8b223000 	C:\Windows\SYSTEM32\IPHLPAPI.DLL
0x00007ffa8dff0000 - 0x00007ffa8dffa000 	C:\Windows\System32\NSI.dll
0x00007ffa6c380000 - 0x00007ffa6c393000 	C:\Windows\System32\winrnr.dll
0x00007ffa6c350000 - 0x00007ffa6c372000 	C:\Windows\system32\nlansp_c.dll
0x00007ffa6c330000 - 0x00007ffa6c346000 	C:\Windows\system32\wshbth.dll
0x00007ffa83a00000 - 0x00007ffa83a0b000 	C:\Windows\System32\rasadhlp.dll
0x00007ffa84c60000 - 0x00007ffa84ce6000 	C:\Windows\System32\fwpuclnt.dll
0x00007ffa3c180000 - 0x00007ffa3c1fb000 	D:\PCL 正式版 2.13.0.1\.minecraft\versions\1.21.1-NeoForge_21.1.247\1.21.1-NeoForge_21.1.247-natives\lwjgl.dll
0x00007ffa0c350000 - 0x00007ffa0c3d2000 	D:\PCL 正式版 2.13.0.1\.minecraft\versions\1.21.1-NeoForge_21.1.247\1.21.1-NeoForge_21.1.247-natives\glfw.dll
0x00007ffa5c5c0000 - 0x00007ffa5c60b000 	C:\Windows\SYSTEM32\dinput8.dll
0x00007ffa7dcc0000 - 0x00007ffa7dcdb000 	C:\Windows\SYSTEM32\xinput1_4.dll
0x00007ffa8c7a0000 - 0x00007ffa8c7f1000 	C:\Windows\SYSTEM32\cfgmgr32.dll
0x00007ffa8c800000 - 0x00007ffa8c82f000 	C:\Windows\SYSTEM32\DEVOBJ.dll
0x00007ffa891e0000 - 0x00007ffa8920f000 	C:\Windows\SYSTEM32\dwmapi.dll
0x00007ffa74990000 - 0x00007ffa74b74000 	C:\Windows\SYSTEM32\inputhost.dll
0x00007ffa88a30000 - 0x00007ffa88b55000 	C:\Windows\SYSTEM32\CoreMessaging.dll
0x00007ffa88ee0000 - 0x00007ffa88f89000 	C:\Windows\system32\uxtheme.dll
0x00007ffa8c230000 - 0x00007ffa8c23c000 	C:\Windows\SYSTEM32\CRYPTBASE.DLL
0x00007ffa8e8d0000 - 0x00007ffa8ea2d000 	C:\Windows\System32\MSCTF.dll
0x00007ffa11e60000 - 0x00007ffa11f6c000 	C:\Windows\SYSTEM32\opengl32.dll
0x00007ffa73170000 - 0x00007ffa7319d000 	C:\Windows\SYSTEM32\GLU32.dll
0x00007ffa89530000 - 0x00007ffa89576000 	C:\Windows\SYSTEM32\dxcore.dll
0x00007ffa7d710000 - 0x00007ffa7d72a000 	C:\Windows\SYSTEM32\windows.staterepositorycore.dll
0x00000000559c0000 - 0x0000000057c87000 	C:\Windows\SYSTEM32\nvoglv64.DLL
0x00007ffa8db40000 - 0x00007ffa8dfc7000 	C:\Windows\System32\SETUPAPI.dll
0x00007ffa8e050000 - 0x00007ffa8e1e9000 	C:\Windows\System32\ole32.dll
0x00007ffa88e10000 - 0x00007ffa88e39000 	C:\Windows\SYSTEM32\WTSAPI32.dll
0x00007ffa8ce80000 - 0x00007ffa8cff8000 	C:\Windows\System32\CRYPT32.dll
0x00007ffa8bc10000 - 0x00007ffa8bc59000 	C:\Windows\SYSTEM32\SspiCli.dll
0x00007ffa8cd40000 - 0x00007ffa8cdc3000 	C:\Windows\System32\WINTRUST.dll
0x00007ffa8c290000 - 0x00007ffa8c2a3000 	C:\Windows\SYSTEM32\MSASN1.dll
0x00007ffa8ba90000 - 0x00007ffa8bac6000 	C:\Windows\SYSTEM32\ntmarta.dll
0x00007ffa8ca30000 - 0x00007ffa8ca91000 	C:\Windows\SYSTEM32\WINSTA.dll
0x00007ff9fb410000 - 0x00007ff9fb680000 	D:\PCL 正式版 2.13.0.1\.minecraft\versions\1.21.1-NeoForge_21.1.247\1.21.1-NeoForge_21.1.247-natives\jemalloc.dll
0x00007ffa0c2c0000 - 0x00007ffa0c342000 	D:\PCL 正式版 2.13.0.1\.minecraft\versions\1.21.1-NeoForge_21.1.247\1.21.1-NeoForge_21.1.247-natives\lwjgl_stb.dll
0x00007ffa7b280000 - 0x00007ffa7b33f000 	C:\Windows\SYSTEM32\mscms.dll
0x00007ffa73ee0000 - 0x00007ffa73f29000 	C:\Windows\SYSTEM32\icm32.dll
0x00007ffa79110000 - 0x00007ffa79257000 	C:\Windows\SYSTEM32\textinputframework.dll
0x00007ffa85030000 - 0x00007ffa85314000 	C:\Windows\SYSTEM32\CoreUIComponents.dll
0x00007ffa86050000 - 0x00007ffa861ba000 	C:\Windows\SYSTEM32\wintypes.dll
0x00007ffa8da80000 - 0x00007ffa8db2e000 	C:\Windows\System32\clbcatq.dll
0x00007ffa17cb0000 - 0x00007ffa17f17000 	C:\Windows\system32\wetype_tip.dll
0x00007ffa8c210000 - 0x00007ffa8c22b000 	C:\Windows\SYSTEM32\CRYPTSP.dll
0x00007ffa8b8c0000 - 0x00007ffa8b8f9000 	C:\Windows\system32\rsaenh.dll
0x00007ffa177f0000 - 0x00007ffa17cac000 	C:\Program Files\Tencent\WeType\WetypeCore_2.1.1.6\x64\wetype_tip_core.dll
0x00007ffa17740000 - 0x00007ffa177ec000 	C:\Program Files\Tencent\WeType\WetypeCore_2.1.1.6\x64\CrashRpt1500.dll
0x00007ffa6a610000 - 0x00007ffa6a675000 	C:\Windows\SYSTEM32\input.dll
0x00007ffa89580000 - 0x00007ffa89bba000 	C:\Windows\SYSTEM32\d2d1.dll
0x00007ffa89bc0000 - 0x00007ffa89e27000 	C:\Windows\SYSTEM32\DWrite.dll
0x00007ffa7b250000 - 0x00007ffa7b25b000 	C:\Windows\SYSTEM32\ktmw32.dll
0x00007ffa8bfd0000 - 0x00007ffa8c002000 	C:\Windows\SYSTEM32\USERENV.dll
0x00007ffa7b100000 - 0x00007ffa7b173000 	C:\Windows\system32\Oleacc.dll
0x00007ffa564e0000 - 0x00007ffa5653e000 	D:\PCL 正式版 2.13.0.1\.minecraft\versions\1.21.1-NeoForge_21.1.247\1.21.1-NeoForge_21.1.247-natives\lwjgl_opengl.dll
0x00007ffa7d3d0000 - 0x00007ffa7d428000 	C:\Windows\SYSTEM32\pdh.dll
0x00007ffa7b260000 - 0x00007ffa7b272000 	C:\Windows\System32\perfproc.dll
0x00007ffa790b0000 - 0x00007ffa790c1000 	C:\Windows\System32\perfos.dll
0x00007ffa88e70000 - 0x00007ffa88e82000 	C:\Windows\SYSTEM32\pfclient.dll
0x00007ffa8cba0000 - 0x00007ffa8cbca000 	C:\Windows\SYSTEM32\bcrypt.dll
0x00007ffa56170000 - 0x00007ffa561b5000 	D:\PCL 正式版 2.13.0.1\.minecraft\versions\1.21.1-NeoForge_21.1.247\1.21.1-NeoForge_21.1.247-natives\jna7127905649974823397.dll
0x00007ffa7d010000 - 0x00007ffa7d022000 	C:\Windows\system32\wbem\wbemprox.dll
0x00007ffa825f0000 - 0x00007ffa8266a000 	C:\Windows\SYSTEM32\wbemcomn.dll
0x00007ffa7c920000 - 0x00007ffa7c935000 	C:\Windows\system32\wbem\wbemsvc.dll
0x00007ffa7c710000 - 0x00007ffa7c803000 	C:\Windows\system32\wbem\fastprox.dll
0x00007ffa7ac70000 - 0x00007ffa7ac8d000 	C:\Windows\SYSTEM32\amsi.dll
0x00007ffa78f60000 - 0x00007ffa79003000 	C:\ProgramData\Microsoft\Windows Defender\Platform\4.18.26060.3008-0\MpOav.dll
0x00007ffa740d0000 - 0x00007ffa740de000 	C:\Program Files\Eclipse Adoptium\jdk-21.0.12.8-hotspot\bin\sunmscapi.dll
0x00007ffa8c450000 - 0x00007ffa8c480000 	C:\Windows\SYSTEM32\ncrypt.dll
0x00007ffa8c400000 - 0x00007ffa8c43f000 	C:\Windows\SYSTEM32\NTASN1.dll
0x00007ffa740c0000 - 0x00007ffa740c9000 	C:\Program Files\Eclipse Adoptium\jdk-21.0.12.8-hotspot\bin\extnet.dll
0x00007ff9fa370000 - 0x00007ff9fa537000 	D:\PCL 正式版 2.13.0.1\.minecraft\versions\1.21.1-NeoForge_21.1.247\1.21.1-NeoForge_21.1.247-natives\OpenAL.dll
0x00007ffa85320000 - 0x00007ffa853c6000 	C:\Windows\System32\MMDevApi.dll
0x000001eb7cc70000 - 0x000001eb7cc74000 	C:\Program Files\Eclipse Adoptium\jdk-21.0.12.8-hotspot\bin\api-ms-win-crt-locale-l1-1-0.dll
0x000001eb7cc80000 - 0x000001eb7cc85000 	C:\Program Files\Eclipse Adoptium\jdk-21.0.12.8-hotspot\bin\api-ms-win-crt-string-l1-1-0.dll
0x000001eb7cc90000 - 0x000001eb7cc95000 	C:\Program Files\Eclipse Adoptium\jdk-21.0.12.8-hotspot\bin\api-ms-win-crt-stdio-l1-1-0.dll
0x000001eb7cca0000 - 0x000001eb7cca6000 	C:\Program Files\Eclipse Adoptium\jdk-21.0.12.8-hotspot\bin\api-ms-win-crt-math-l1-1-0.dll
0x000001eb7ccb0000 - 0x000001eb7ccb4000 	C:\Program Files\Eclipse Adoptium\jdk-21.0.12.8-hotspot\bin\api-ms-win-crt-heap-l1-1-0.dll

JVMTI agents: none

dbghelp: loaded successfully - version: 4.0.5 - missing functions: none
symbol engine: initialized successfully - sym options: 0x614 - pdb path: .;C:\Program Files\Eclipse Adoptium\jdk-21.0.12.8-hotspot\bin;C:\Windows\SYSTEM32;C:\Windows\WinSxS\amd64_microsoft.windows.common-controls_6595b64144ccf1df_6.0.26100.8894_none_3e0f749ee32e02ea;C:\Program Files\Eclipse Adoptium\jdk-21.0.12.8-hotspot\bin\server;D:\PCL 正式版 2.13.0.1\.minecraft\versions\1.21.1-NeoForge_21.1.247\1.21.1-NeoForge_21.1.247-nati;D:\PCL 正式版 2.13.0.1\.minecraft\versions\1.21.1-NeoForge_21.1.247\1.21.1-NeoForge_21.1.247-n;D:\PCL 正式版 2.13.0.1\.minecraft\versions\1.21.1-NeoForge_21.1.247\1.21.1-NeoForge_21.1.247-natives;C:\Program Files\Tencent\WeType\WetypeCore_2.;C:\Program Files\Tencent\WeType\WetypeCore_2.;C:\Program Files\Tencent\WeType\WetypeCore_2.1.1.6\x64;C:\Windows\system32\wbem;C:\ProgramData\Microsoft\Windows Defender\Platform\4.18.260;C:\ProgramData\Microsoft\Windows Defender\Platform\4.18.260;C:\ProgramData\Microsoft\Windows Defender\Platform\4.18.260;C:\ProgramData\Microsoft\Windows Defender\Platform\4.18.260;C:\ProgramData\Microsoft\Windows Defender\Platform\4.18.260;C:\ProgramData\Microsoft\Windows Defender\Platform\4.18.260;C:\ProgramData\Microsoft\Windows Defender\Platform\4.18.260;C:\ProgramData\Microsoft\Windows Defender\Platform\4.18.260;C:\ProgramData\Microsoft\Windows Defender\Platform\4.18.260;C:\ProgramData\Microsoft\Windows Defender\Platform\4.18.260;C:\ProgramData\Microsoft\Windows Defender\Platform\4.18.260;C:\ProgramData\Microsoft\Windows Defender\Platform\4.18.260;C:\ProgramData\Microsoft\Windows Defender\Platform\4.18.260;C:\ProgramData\Microsoft\Windows Defender\Platform\4.18.260;C:\ProgramData\Microsoft\Windows Defender\Platform\4.18.260;C:\ProgramData\Microsoft\Windows Defender\Platform\4.18.260;C:\ProgramData\Microsoft\Windows Defender\Platform\4.18.260;C:\ProgramData\Microsoft\Windows Defender\Platform\4.18.260;C:\ProgramData\Microsoft\Windows Defender\Platform\4.18.260;C:\ProgramData\Microsoft\Windows Defender\Platform\4.18.260;C:\ProgramData\Microsoft\Windows Defender\Platform\4.18.260;C:\ProgramData\Microsoft\Windows Defender\Platform\4.18.260;C:\ProgramData\Microsoft\Windows Defender\Platform\4.18.260;C:\ProgramData\Microsoft\Windows Defender\Platform\4.18.260;C:\ProgramData\Microsoft\Windows Defender\Platform\4.18.260;C:\ProgramData\Microsoft\Windows Defender\Platform\4.18.260;C:\ProgramData\Microsoft\Windows Defender\Platform\4.18.260;C:\ProgramData\Microsoft\Windows Defender\Platform\4.18.260;C:\ProgramData\Microsoft\Windows Defender\Platform\4.18.260;C:\ProgramData\Microsoft\Windows Defender\Platform\4.18.260;C:\ProgramData\Microsoft\Windows Defender\Platform\4.18.260;C:\ProgramData\Microsoft\Windows Defender\Platform\4.18.260;C:\ProgramData\Microsoft\Windows Defender\Platform\4.18.260;C:\ProgramData\Microsoft\Windows Defender\Platform\4.18.260;C:\ProgramData\Microsoft\Windows Defender\Platform\4.18.260;C:\ProgramData\Microsoft\Windows Defender\Platform\4.18.260;C:\ProgramData\Microsoft\Windows Defender\Platform\4.18.260;C:\ProgramData\Microsoft\Windows Defender\Platform\4.18.260;C:\ProgramData\Microsoft\Windows Defender\Platform\4.18.260;C:\ProgramData\Microsoft\Windows Defender\Platform\4.18.260;C:\ProgramData\Microsoft\Windows Defender\Platform\4.18.260;C:\ProgramData\Microsoft\Windows Defender\Platform\4.18.260;C:\ProgramData\Microsoft\Windows Defender\Platform\4.18.260;C:\ProgramData\Microsoft\Windows Defender\Platform\4.18.260;C:\ProgramData\Microsoft\Windows Defender\Platform\4.18.26060.3008-0;C:\Users\Administrator\.javacpp\cache\windo;C:\Users\Administrator\.javacpp\cache\windo;C:\Users\Administrator\.javacpp\cache\windows-x86_64;C:\Users\Administrator\AppData\Local\Temp\skija_0.;C:\Users\Administrator\AppData\Local\Temp\skija_0.116.4_x64;C:\Windows\System32\Spee;C:\Windows\System32\Spee;C:\Windows\System32\Spee;C:\Windows\System32\Spee;C:\Windows\System32\Spee;C:\Windows\System32\Spee;C:\Windows\System32\Spee;C:\Windows\System32\Spee;C:\Windows\System32\Spee;C:\Windows\System32\Spee;C:\Windows\System32\Spee;C:\Windows\System32\Spee;C:\Windows\System32\Spee

VM Arguments:
jvm_args: -Djava.library.path=D:\PCL 正式版 2.13.0.1\.minecraft\versions\1.21.1-NeoForge_21.1.247\1.21.1-NeoForge_21.1.247-natives -Djna.tmpdir=D:\PCL 正式版 2.13.0.1\.minecraft\versions\1.21.1-NeoForge_21.1.247\1.21.1-NeoForge_21.1.247-natives -Dorg.lwjgl.system.SharedLibraryExtractPath=D:\PCL 正式版 2.13.0.1\.minecraft\versions\1.21.1-NeoForge_21.1.247\1.21.1-NeoForge_21.1.247-natives -Dio.netty.native.workdir=D:\PCL 正式版 2.13.0.1\.minecraft\versions\1.21.1-NeoForge_21.1.247\1.21.1-NeoForge_21.1.247-natives -Dminecraft.launcher.brand=opencode-test -Dminecraft.launcher.version=1.0 -Djava.net.preferIPv6Addresses=system -DignoreList=client-extra,1.21.1-NeoForge_21.1.247.jar -DlibraryDirectory=D:\PCL 正式版 2.13.0.1\.minecraft\libraries --module-path=D:\PCL 正式版 2.13.0.1\.minecraft\libraries\cpw\mods\bootstraplauncher\2.0.2\bootstraplauncher-2.0.2.jar;D:\PCL 正式版 2.13.0.1\.minecraft\libraries\cpw\mods\securejarhandler\3.0.8\securejarhandler-3.0.8.jar;D:\PCL 正式版 2.13.0.1\.minecraft\libraries\org\ow2\asm\asm-commons\9.10.1\asm-commons-9.10.1.jar;D:\PCL 正式版 2.13.0.1\.minecraft\libraries\org\ow2\asm\asm-util\9.10.1\asm-util-9.10.1.jar;D:\PCL 正式版 2.13.0.1\.minecraft\libraries\org\ow2\asm\asm-analysis\9.10.1\asm-analysis-9.10.1.jar;D:\PCL 正式版 2.13.0.1\.minecraft\libraries\org\ow2\asm\asm-tree\9.10.1\asm-tree-9.10.1.jar;D:\PCL 正式版 2.13.0.1\.minecraft\libraries\org\ow2\asm\asm\9.10.1\asm-9.10.1.jar;D:\PCL 正式版 2.13.0.1\.minecraft\libraries\net\neoforged\JarJarFileSystems\0.4.1\JarJarFileSystems-0.4.1.jar --add-modules=ALL-MODULE-PATH --add-opens=java.base/java.util.jar=cpw.mods.securejarhandler --add-opens=java.base/java.lang.invoke=cpw.mods.securejarhandler --add-exports=java.base/sun.security.util=cpw.mods.securejarhandler --add-exports=jdk.naming.dns/com.sun.jndi.dns=java.naming 
java_command: cpw.mods.bootstraplauncher.BootstrapLauncher --username BaierOops --version 1.21.1-NeoForge_21.1.247 --gameDir D:\PCL 正式版 2.13.0.1\.minecraft\versions\1.21.1-NeoForge_21.1.247 --assetsDir D:\PCL 正式版 2.13.0.1\.minecraft\assets --assetIndex 17 --uuid 00000000-0000-0000-0000-000000000000 --accessToken 0 --clientId 0 --xuid 0 --userType legacy --versionType release --fml.neoForgeVersion 21.1.247 --fml.fmlVersion 4.0.43 --fml.mcVersion 1.21.1 --fml.neoFormVersion 20240808.144430 --launchTarget forgeclient
java_class_path (initial): D:\PCL 正式版 2.13.0.1\.minecraft\libraries\ca\weblite\java-objc-bridge\1.1\java-objc-bridge-1.1.jar;D:\PCL 正式版 2.13.0.1\.minecraft\libraries\com\github\oshi\oshi-core\6.4.10\oshi-core-6.4.10.jar;D:\PCL 正式版 2.13.0.1\.minecraft\libraries\com\google\code\gson\gson\2.10.1\gson-2.10.1.jar;D:\PCL 正式版 2.13.0.1\.minecraft\libraries\com\google\guava\failureaccess\1.0.1\failureaccess-1.0.1.jar;D:\PCL 正式版 2.13.0.1\.minecraft\libraries\com\google\guava\guava\32.1.2-jre\guava-32.1.2-jre.jar;D:\PCL 正式版 2.13.0.1\.minecraft\libraries\com\ibm\icu\icu4j\73.2\icu4j-73.2.jar;D:\PCL 正式版 2.13.0.1\.minecraft\libraries\com\mojang\authlib\6.0.54\authlib-6.0.54.jar;D:\PCL 正式版 2.13.0.1\.minecraft\libraries\com\mojang\blocklist\1.0.10\blocklist-1.0.10.jar;D:\PCL 正式版 2.13.0.1\.minecraft\libraries\com\mojang\brigadier\1.3.10\brigadier-1.3.10.jar;D:\PCL 正式版 2.13.0.1\.minecraft\libraries\com\mojang\datafixerupper\8.0.16\datafixerupper-8.0.16.jar;D:\PCL 正式版 2.13.0.1\.minecraft\libraries\com\mojang\logging\1.2.7\logging-1.2.7.jar;D:\PCL 正式版 2.13.0.1\.minecraft\libraries\com\mojang\patchy\2.2.10\patchy-2.2.10.jar;D:\PCL 正式版 2.13.0.1\.minecraft\libraries\com\mojang\text2speech\1.17.9\text2speech-1.17.9.jar;D:\PCL 正式版 2.13.0.1\.minecraft\libraries\commons-codec\commons-codec\1.16.0\commons-codec-1.16.0.jar;D:\PCL 正式版 2.13.0.1\.minecraft\libraries\commons-io\commons-io\2.15.1\commons-io-2.15.1.jar;D:\PCL 正式版 2.13.0.1\.minecraft\libraries\commons-logging\commons-logging\1.2\commons-logging-1.2.jar;D:\PCL 正式版 2.13.0.1\.minecraft\libraries\io\netty\netty-buffer\4.1.97.Final\netty-buffer-4.1.97.Final.jar;D:\PCL 正式版 2.13.0.1\.minecraft\libraries\io\netty\netty-codec\4.1.97.Final\netty-codec-4.1.97.Final.jar;D:\PCL 正式版 2.13.0.1\.minecraft\libraries\io\netty\netty-common\4.1.97.Final\netty-common-4.1.97.Final.jar;D:\PCL 正式版 2.13.0.1\.minecraft\libraries\io\netty\netty-handler\4.1.97.Final\netty-handler-4.1.97.Final.jar;D:\PCL 正式版 2.13.0.1\.minecraft\libraries\io\netty\netty-resolver\4.1.97.Final\netty-resolver-4.1.97.Final.jar;D:\PCL 正式版 2.13.0.1\.minecraft\libraries\io\netty\netty-transport-classes-epoll\4.1.97.Final\netty-transport-classes-epoll-4.1.97.Final.jar;D:\PCL 正式版 2.13.0.1\.minecraft\libraries\io\netty\netty-transport-native-epoll\4.1.97.Final\netty-transport-native-epoll-4.1.97.Final-linux-aarch_64.jar;D:\PCL 正式版 2.13.0.1\.minecraft\libraries\io\netty\netty-transport-native-epoll\4.1.97.Final\netty-transport-native-epoll-4.1.97.Final-linux-x86_64.jar;D:\PCL 正式版 2.13.0.1\.minecraft\libraries\io\netty\netty-transport-native-unix-common\4.1.97.Final\netty-transport-native-unix-common-4.1.97.Final.jar;D:\PCL 正式版 2.13.0.1\.minecraft\libraries\io\netty\netty-transport\4.1.97.Final\netty-transport-4.1.97.Final.jar;D:\PCL 正式版 2.13.0.1\.minecraft\libraries\it\unimi\dsi\fastutil\8.5.12\fastutil-8.5.12.jar;D:\PCL 正式版 2.13.0.1\.minecraft\libraries\net\java\dev\jna\jna-platform\5.14.0\jna-platform-5.14.0.jar;D:\PCL 正式版 2.13.0.1\.minecraft\libraries\net\java\dev\jna\jna\5.14.0\jna-5.14.0.jar;D:\PCL 正式版 2.13.0.1\.minecraft\libraries\net\sf\jopt-simple\jopt-simple\5.0.4\jopt-simple-5.0.4.jar;D:\PCL 正式版 2.13.0.1\.minecraft\libraries\org\apache\commons\commons-compress\1.26.0\commons-compress-1.26.0.jar;D:\PCL 正式版 2.13.0.1\.minecraft\libraries\org\apache\commons\commons-lang3\3.14.0\commons-lang3-3.14.0.jar;D:\PCL 正式版 2.13.0.1\.minecraft\libraries\org\apache\httpcomponents\httpclient\4.5.13\httpclient-4.5.13.jar;D:\PCL 正式版 2.13.0.1\.minecraft\libraries\org\apache\httpcomponents\httpcore\4.4.16\httpcore-4.4.16.jar;D:\PCL 正式版 2.13.0.1\.minecraft\libraries\org\apache\logging\log4j\log4j-api\2.22.1\log4j-api-2.22.1.jar;D:\PCL 正式版 2.13.0.1\.minecraft\libraries\org\apache\logging\log4j\log4j-core\2.22.1\log4j-core-2.22.1.jar;D:\PCL 正式版 2.13.0.1\.minecraft\libraries\org\apache\logging\log4j\log4j-slf4j2-impl\2.22.1\log4j-slf4j2-impl-2.22.1.jar;D:\PCL 正式版 2.13.0.1\.minecraft\libraries\org\jcraft\jorbis\0.0.17\jorbis-0.0.17.jar;D:\PCL 正式版 2.13.0.1\.minecraft\libraries\org\joml\joml\1.10.5\joml-1.10.5.jar;D:\PCL 正式版 2.13.0.1\.minecraft\libraries\org\lwjgl\lwjgl-freetype\3.3.3\lwjgl-freetype-3.3.3.jar;D:\PCL 正式版 2.13.0.1\.minecraft\libraries\org\lwjgl\lwjgl-freetype\3.3.3\lwjgl-freetype-3.3.3-natives-linux.jar;D:\PCL 正式版 2.13.0.1\.minecraft\libraries\org\lwjgl\lwjgl-freetype\3.3.3\lwjgl-freetype-3.3.3-natives-macos-arm64.jar;D:\PCL 正式版 2.13.0.1\.minecraft\libraries\org\lwjgl\lwjgl-freetype\3.3.3\lwjgl-freetype-3.3.3-natives-macos-patch.jar;D:\PCL 正式版 2.13.0.1\.minecraft\libraries\org\lwjgl\lwjgl-freetype\3.3.3\lwjgl-freetype-3.3.3-natives-windows.jar;D:\PCL 正式版 2.13.0.1\.minecraft\libraries\org\lwjgl\lwjgl-freetype\3.3.3\lwjgl-freetype-3.3.3-natives-windows-arm64.jar;D:\PCL 正式版 2.13.0.1\.minecraft\libraries\org\lwjgl\lwjgl-freetype\3.3.3\lwjgl-freetype-3.3.3-natives-windows-x86.jar;D:\PCL 正式版 2.13.0.1\.minecraft\libraries\org\lwjgl\lwjgl-glfw\3.3.3\lwjgl-glfw-3.3.3.jar;D:\PCL 正式版 2.13.0.1\.minecraft\libraries\org\lwjgl\lwjgl-glfw\3.3.3\lwjgl-glfw-3.3.3-natives-linux.jar;D:\PCL 正式版 2.13.0.1\.minecraft\libraries\org\lwjgl\lwjgl-glfw\3.3.3\lwjgl-glfw-3.3.3-natives-macos.jar;D:\PCL 正式版 2.13.0.1\.minecraft\libraries\org\lwjgl\lwjgl-glfw\3.3.3\lwjgl-glfw-3.3.3-natives-macos-arm64.jar;D:\PCL 正式版 2.13.0.1\.minecraft\libraries\org\lwjgl\lwjgl-glfw\3.3.3\lwjgl-glfw-3.3.3-natives-windows.jar;D:\PCL 正式版 2.13.0.1\.minecraft\libraries\org\lwjgl\lwjgl-glfw\3.3.3\lwjgl-glfw-3.3.3-natives-windows-arm64.jar;D:\PCL 正式版 2.13.0.1\.minecraft\libraries\org\lwjgl\lwjgl-glfw\3.3.3\lwjgl-glfw-3.3.3-natives-windows-x86.jar;D:\PCL 正式版 2.13.0.1\.minecraft\libraries\org\lwjgl\lwjgl-jemalloc\3.3.3\lwjgl-jemalloc-3.3.3.jar;D:\PCL 正式版 2.13.0.1\.minecraft\libraries\org\lwjgl\lwjgl-jemalloc\3.3.3\lwjgl-jemalloc-3.3.3-natives-linux.jar;D:\PCL 正式版 2.13.0.1\.minecraft\libraries\org\lwjgl\lwjgl-jemalloc\3.3.3\lwjgl-jemalloc-3.3.3-natives-macos.jar;D:\PCL 正式版 2.13.0.1\.minecraft\libraries\org\lwjgl\lwjgl-jemalloc\3.3.3\lwjgl-jemalloc-3.3.3-natives-macos-arm64.jar;D:\PCL 正式版 2.13.0.1\.minecraft\libraries\org\lwjgl\lwjgl-jemalloc\3.3.3\lwjgl-jemalloc-3.3.3-natives-windows.jar;D:\PCL 正式版 2.13.0.1\.minecraft\libraries\org\lwjgl\lwjgl-jemalloc\3.3.3\lwjgl-jemalloc-3.3.3-natives-windows-arm64.jar;D:\PCL 正式版 2.13.0.1\.minecraft\libraries\org\lwjgl\lwjgl-jemalloc\3.3.3\lwjgl-jemalloc-3.3.3-natives-windows-x86.jar;D:\PCL 正式版 2.13.0.1\.minecraft\libraries\org\lwjgl\lwjgl-openal\3.3.3\lwjgl-openal-3.3.3.jar;D:\PCL 正式版 2.13.0.1\.minecraft\libraries\org\lwjgl\lwjgl-openal\3.3.3\lwjgl-openal-3.3.3-natives-linux.jar;D:\PCL 正式版 2.13.0.1\.minecraft\libraries\org\lwjgl\lwjgl-openal\3.3.3\lwjgl-openal-3.3.3-natives-macos.jar;D:\PCL 正式版 2.13.0.1\.minecraft\libraries\org\lwjgl\lwjgl-openal\3.3.3\lwjgl-openal-3.3.3-natives-macos-arm64.jar;D:\PCL 正式版 2.13.0.1\.minecraft\libraries\org\lwjgl\lwjgl-openal\3.3.3\lwjgl-openal-3.3.3-natives-windows.jar;D:\PCL 正式版 2.13.0.1\.minecraft\libraries\org\lwjgl\lwjgl-openal\3.3.3\lwjgl-openal-3.3.3-natives-windows-arm64.jar;D:\PCL 正式版 2.13.0.1\.minecraft\libraries\org\lwjgl\lwjgl-openal\3.3.3\lwjgl-openal-3.3.3-natives-windows-x86.jar;D:\PCL 正式版 2.13.0.1\.minecraft\libraries\org\lwjgl\lwjgl-opengl\3.3.3\lwjgl-opengl-3.3.3.jar;D:\PCL 正式版 2.13.0.1\.minecraft\libraries\org\lwjgl\lwjgl-opengl\3.3.3\lwjgl-opengl-3.3.3-natives-linux.jar;D:\PCL 正式版 2.13.0.1\.minecraft\libraries\org\lwjgl\lwjgl-opengl\3.3.3\lwjgl-opengl-3.3.3-natives-macos.jar;D:\PCL 正式版 2.13.0.1\.minecraft\libraries\org\lwjgl\lwjgl-opengl\3.3.3\lwjgl-opengl-3.3.3-natives-macos-arm64.jar;D:\PCL 正式版 2.13.0.1\.minecraft\libraries\org\lwjgl\lwjgl-opengl\3.3.3\lwjgl-opengl-3.3.3-natives-windows.jar;D:\PCL 正式版 2.13.0.1\.minecraft\libraries\org\lwjgl\lwjgl-opengl\3.3.3\lwjgl-opengl-3.3.3-natives-windows-arm64.jar;D:\PCL 正式版 2.13.0.1\.minecraft\libraries\org\lwjgl\lwjgl-opengl\3.3.3\lwjgl-opengl-3.3.3-natives-windows-x86.jar;D:\PCL 正式版 2.13.0.1\.minecraft\libraries\org\lwjgl\lwjgl-stb\3.3.3\lwjgl-stb-3.3.3.jar;D:\PCL 正式版 2.13.0.1\.minecraft\libraries\org\lwjgl\lwjgl-stb\3.3.3\lwjgl-stb-3.3.3-natives-linux.jar;D:\PCL 正式版 2.13.0.1\.minecraft\libraries\org\lwjgl\lwjgl-stb\3.3.3\lwjgl-stb-3.3.3-natives-macos.jar;D:\PCL 正式版 2.13.0.1\.minecraft\libraries\org\lwjgl\lwjgl-stb\3.3.3\lwjgl-stb-3.3.3-natives-macos-arm64.jar;D:\PCL 正式版 2.13.0.1\.minecraft\libraries\org\lwjgl\lwjgl-stb\3.3.3\lwjgl-stb-3.3.3-natives-windows.jar;D:\PCL 正式版 2.13.0.1\.minecraft\libraries\org\lwjgl\lwjgl-stb\3.3.3\lwjgl-stb-3.3.3-natives-windows-arm64.jar;D:\PCL 正式版 2.13.0.1\.minecraft\libraries\org\lwjgl\lwjgl-stb\3.3.3\lwjgl-stb-3.3.3-natives-windows-x86.jar;D:\PCL 正式版 2.13.0.1\.minecraft\libraries\org\lwjgl\lwjgl-tinyfd\3.3.3\lwjgl-tinyfd-3.3.3.jar;D:\PCL 正式版 2.13.0.1\.minecraft\libraries\org\lwjgl\lwjgl-tinyfd\3.3.3\lwjgl-tinyfd-3.3.3-natives-linux.jar;D:\PCL 正式版 2.13.0.1\.minecraft\libraries\org\lwjgl\lwjgl-tinyfd\3.3.3\lwjgl-tinyfd-3.3.3-natives-macos.jar;D:\PCL 正式版 2.13.0.1\.minecraft\libraries\org\lwjgl\lwjgl-tinyfd\3.3.3\lwjgl-tinyfd-3.3.3-natives-macos-arm64.jar;D:\PCL 正式版 2.13.0.1\.minecraft\libraries\org\lwjgl\lwjgl-tinyfd\3.3.3\lwjgl-tinyfd-3.3.3-natives-windows.jar;D:\PCL 正式版 2.13.0.1\.minecraft\libraries\org\lwjgl\lwjgl-tinyfd\3.3.3\lwjgl-tinyfd-3.3.3-natives-windows-arm64.jar;D:\PCL 正式版 2.13.0.1\.minecraft\libraries\org\lwjgl\lwjgl-tinyfd\3.3.3\lwjgl-tinyfd-3.3.3-natives-windows-x86.jar;D:\PCL 正式版 2.13.0.1\.minecraft\libraries\org\lwjgl\lwjgl\3.3.3\lwjgl-3.3.3.jar;D:\PCL 正式版 2.13.0.1\.minecraft\libraries\org\lwjgl\lwjgl\3.3.3\lwjgl-3.3.3-natives-linux.jar;D:\PCL 正式版 2.13.0.1\.minecraft\libraries\org\lwjgl\lwjgl\3.3.3\lwjgl-3.3.3-natives-macos.jar;D:\PCL 正式版 2.13.0.1\.minecraft\libraries\org\lwjgl\lwjgl\3.3.3\lwjgl-3.3.3-natives-macos-arm64.jar;D:\PCL 正式版 2.13.0.1\.minecraft\libraries\org\lwjgl\lwjgl\3.3.3\lwjgl-3.3.3-natives-windows.jar;D:\PCL 正式版 2.13.0.1\.minecraft\libraries\org\lwjgl\lwjgl\3.3.3\lwjgl-3.3.3-natives-windows-arm64.jar;D:\PCL 正式版 2.13.0.1\.minecraft\libraries\org\lwjgl\lwjgl\3.3.3\lwjgl-3.3.3-natives-windows-x86.jar;D:\PCL 正式版 2.13.0.1\.minecraft\libraries\org\lz4\lz4-java\1.8.0\lz4-java-1.8.0.jar;D:\PCL 正式版 2.13.0.1\.minecraft\libraries\org\slf4j\slf4j-api\2.0.9\slf4j-api-2.0.9.jar;D:\PCL 正式版 2.13.0.1\.minecraft\libraries\net\neoforged\fancymodloader\earlydisplay\4.0.43\earlydisplay-4.0.43.jar;D:\PCL 正式版 2.13.0.1\.minecraft\libraries\net\neoforged\fancymodloader\loader\4.0.43\loader-4.0.43.jar;D:\PCL 正式版 2.13.0.1\.minecraft\libraries\net\neoforged\accesstransformers\at-modlauncher\10.0.1\at-modlauncher-10.0.1.jar;D:\PCL 正式版 2.13.0.1\.minecraft\libraries\net\neoforged\accesstransformers\10.0.1\accesstransformers-10.0.1.jar;D:\PCL 正式版 2.13.0.1\.minecraft\libraries\net\neoforged\bus\8.0.5\bus-8.0.5.jar;D:\PCL 正式版 2.13.0.1\.minecraft\libraries\net\neoforged\coremods\7.0.3\coremods-7.0.3.jar;D:\PCL 正式版 2.13.0.1\.minecraft\libraries\cpw\mods\modlauncher\11.0.5\modlauncher-11.0.5.jar;D:\PCL 正式版 2.13.0.1\.minecraft\libraries\net\neoforged\mergetool\2.0.0\mergetool-2.0.0-api.jar;D:\PCL 正式版 2.13.0.1\.minecraft\libraries\com\electronwill\night-config\toml\3.8.3\toml-3.8.3.jar;D:\PCL 正式版 2.13.0.1\.minecraft\libraries\com\electronwill\night-config\core\3.8.3\core-3.8.3.jar;D:\PCL 正式版 2.13.0.1\.minecraft\libraries\net\neoforged\JarJarSelector\0.4.1\JarJarSelector-0.4.1.jar;D:\PCL 正式版 2.13.0.1\.minecraft\libraries\net\neoforged\JarJarMetadata\0.4.1\JarJarMetadata-0.4.1.jar;D:\PCL 正式版 2.13.0.1\.minecraft\libraries\org\apache\maven\maven-artifact\3.8.5\maven-artifact-3.8.5.jar;D:\PCL 正式版 2.13.0.1\.minecraft\libraries\net\jodah\typetools\0.6.3\typetools-0.6.3.jar;D:\PCL 正式版 2.13.0.1\.minecraft\libraries\net\minecrell\terminalconsoleappender\1.3.0\terminalconsoleappender-1.3.0.jar;D:\PCL 正式版 2.13.0.1\.minecraft\libraries\net\fabricmc\sponge-mixin\0.15.2+mixin.0.8.7\sponge-mixin-0.15.2+mixin.0.8.7.jar;D:\PCL 正式版 2.13.0.1\.minecraft\libraries\org\openjdk\nashorn\nashorn-core\15.4\nashorn-core-15.4.jar;D:\PCL 正式版 2.13.0.1\.minecraft\libraries\cpw\mods\bootstraplauncher\2.0.2\bootstraplauncher-2.0.2.jar;D:\PCL 正式版 2.13.0.1\.minecraft\libraries\cpw\mods\securejarhandler\3.0.8\securejarhandler-3.0.8.jar;D:\PCL 正式版 2.13.0.1\.minecraft\libraries\org\ow2\asm\asm-commons\9.10.1\asm-commons-9.10.1.jar;D:\PCL 正式版 2.13.0.1\.minecraft\libraries\org\ow2\asm\asm-util\9.10.1\asm-util-9.10.1.jar;D:\PCL 正式版 2.13.0.1\.minecraft\libraries\org\ow2\asm\asm-analysis\9.10.1\asm-analysis-9.10.1.jar;D:\PCL 正式版 2.13.0.1\.minecraft\libraries\org\ow2\asm\asm-tree\9.10.1\asm-tree-9.10.1.jar;D:\PCL 正式版 2.13.0.1\.minecraft\libraries\org\ow2\asm\asm\9.10.1\asm-9.10.1.jar;D:\PCL 正式版 2.13.0.1\.minecraft\libraries\net\neoforged\JarJarFileSystems\0.4.1\JarJarFileSystems-0.4.1.jar;D:\PCL 正式版 2.13.0.1\.minecraft\libraries\org\antlr\antlr4-runtime\4.13.1\antlr4-runtime-4.13.1.jar;D:\PCL 正式版 2.13.0.1\.minecraft\libraries\org\jline\jline-reader\3.20.0\jline-reader-3.20.0.jar;D:\PCL 正式版 2.13.0.1\.minecraft\libraries\org\jline\jline-terminal\3.20.0\jline-terminal-3.20.0.jar;D:\PCL 正式版 2.13.0.1\.minecraft\libraries\net\minecraftforge\srgutils\0.4.15\srgutils-0.4.15.jar;D:\PCL 正式版 2.13.0.1\.minecraft\libraries\com\google\guava\listenablefuture\9999.0-empty-to-avoid-conflict-with-guava\listenablefuture-9999.0-empty-to-avoid-conflict-with-guava.jar;D:\PCL 正式版 2.13.0.1\.minecraft\libraries\com\google\code\findbugs\jsr305\3.0.2\jsr305-3.0.2.jar;D:\PCL 正式版 2.13.0.1\.minecraft\libraries\org\checkerframework\checker-qual\3.33.0\checker-qual-3.33.0.jar;D:\PCL 正式版 2.13.0.1\.minecraft\libraries\com\google\errorprone\error_prone_annotations\2.18.0\error_prone_annotations-2.18.0.jar;D:\PCL 正式版 2.13.0.1\.minecraft\libraries\com\google\j2objc\j2objc-annotations\2.8\j2objc-annotations-2.8.jar;D:\PCL 正式版 2.13.0.1\.minecraft\libraries\org\codehaus\plexus\plexus-utils\3.3.0\plexus-utils-3.3.0.jar;D:\PCL 正式版 2.13.0.1\.minecraft\libraries\com\machinezoo\noexception\noexception\1.7.1\noexception-1.7.1.jar
Launcher Type: SUN_STANDARD

[Global flags]
     intx CICompilerCount                          = 12                                        {product} {ergonomic}
     uint ConcGCThreads                            = 3                                         {product} {ergonomic}
     uint G1ConcRefinementThreads                  = 13                                        {product} {ergonomic}
   size_t G1HeapRegionSize                         = 2097152                                   {product} {ergonomic}
    uintx GCDrainStackTargetSize                   = 64                                        {product} {ergonomic}
   size_t InitialHeapSize                          = 268435456                                 {product} {ergonomic}
   size_t MarkStackSize                            = 4194304                                   {product} {ergonomic}
   size_t MaxHeapSize                              = 4271898624                                {product} {ergonomic}
   size_t MaxNewSize                               = 2562719744                                {product} {ergonomic}
   size_t MinHeapDeltaBytes                        = 2097152                                   {product} {ergonomic}
   size_t MinHeapSize                              = 8388608                                   {product} {ergonomic}
    uintx NonNMethodCodeHeapSize                   = 7602480                                {pd product} {ergonomic}
    uintx NonProfiledCodeHeapSize                  = 122027880                              {pd product} {ergonomic}
    uintx ProfiledCodeHeapSize                     = 122027880                              {pd product} {ergonomic}
    uintx ReservedCodeCacheSize                    = 251658240                              {pd product} {ergonomic}
     bool SegmentedCodeCache                       = true                                      {product} {ergonomic}
   size_t SoftMaxHeapSize                          = 4271898624                             {manageable} {ergonomic}
     bool UseCompressedOops                        = true                           {product lp64_product} {ergonomic}
     bool UseG1GC                                  = true                                      {product} {ergonomic}
     bool UseLargePagesIndividualAllocation        = false                                  {pd product} {ergonomic}

Logging:
Log output configuration:
 #0: stdout all=warning uptime,level,tags foldmultilines=false
 #1: stderr all=off uptime,level,tags foldmultilines=false

Release file:
IMPLEMENTOR="Eclipse Adoptium" 
IMPLEMENTOR_VERSION="Temurin-21.0.12+8" 
JAVA_RUNTIME_VERSION="21.0.12+8-LTS" 
JAVA_VERSION="21.0.12" 
JAVA_VERSION_DATE="2026-07-21" 
LIBC="default" 
MODULES="java.base java.compiler java.datatransfer java.xml java.prefs java.desktop java.instrument java.logging java.management java.security.sasl java.naming java.rmi java.management.rmi java.net.http java.scripting java.security.jgss java.transaction.xa java.sql java.sql.rowset java.xml.crypto java.se java.smartcardio jdk.accessibility jdk.internal.jvmstat jdk.attach jdk.charsets jdk.internal.opt jdk.zipfs jdk.compiler jdk.crypto.ec jdk.crypto.cryptoki jdk.crypto.mscapi jdk.dynalink jdk.internal.ed jdk.editpad jdk.hotspot.agent jdk.httpserver jdk.incubator.vector jdk.internal.le jdk.internal.vm.ci jdk.internal.vm.compiler jdk.internal.vm.compiler.management jdk.jartool jdk.javadoc jdk.jcmd jdk.management jdk.management.agent jdk.jconsole jdk.jdeps jdk.jdwp.agent jdk.jdi jdk.jfr jdk.jlink jdk.jpackage jdk.jshell jdk.jsobject jdk.jstatd jdk.localedata jdk.management.jfr jdk.naming.dns jdk.naming.rmi jdk.net jdk.nio.mapmode jdk.random jdk.sctp jdk.security.auth jdk.security.jgss jdk.unsupported jdk.unsupported.desktop jdk.xml.dom" 
OS_ARCH="x86_64" 
OS_NAME="Windows" 
SOURCE=".:git:04806bcb1d50" 
BUILD_SOURCE="git:e6ba7dec3d07654074559310376a3ae89da5f4ac"
BUILD_SOURCE_REPO="https://github.com/adoptium/temurin-build.git"
SOURCE_REPO="https://github.com/adoptium/jdk21u.git"
FULL_VERSION="21.0.12+8-LTS"
SEMANTIC_VERSION="21.0.12+8"
BUILD_INFO="OS: Windows Server 2022 Version: 10.0"
JVM_VARIANT="Hotspot"
JVM_VERSION="21.0.12+8-LTS"
IMAGE_TYPE="JDK"

Environment Variables:
JAVA_HOME=C:\Program Files\Eclipse Adoptium\jdk-21.0.12.8-hotspot
PATH=C:\Windows\system32;C:\Windows;C:\Windows\System32\Wbem;C:\Windows\System32\WindowsPowerShell\v1.0\;C:\Windows\System32\OpenSSH\;C:\Program Files\dotnet\;C:\Program Files (x86)\pcsuite\;C:\Users\Administrator\AppData\Local\Microsoft\WindowsApps;C:\Users\Administrator\.dotnet\tools;C:\Users\Administrator\AppData\Local\Programs\Microsoft VS Code\bin;C:\Program Files\JetBrains\PyCharm 2026.2.0.1\bin
USERNAME=Administrator
OS=Windows_NT
PROCESSOR_IDENTIFIER=AMD64 Family 25 Model 33 Stepping 2, AuthenticAMD
TMP=C:\Users\Administrator\AppData\Local\Temp
TEMP=C:\Users\Administrator\AppData\Local\Temp




Periodic native trim disabled

---------------  S Y S T E M  ---------------

OS:
 Windows 11 , 64 bit Build 26100 (10.0.26100.8875)
OS uptime: 0 days 5:44 hours

CPU: total 16 (initial active 16) (16 cores per cpu, 2 threads per core) family 25 model 33 stepping 2 microcode 0xa201213, cx8, cmov, fxsr, ht, mmx, 3dnowpref, sse, sse2, sse3, ssse3, sse4a, sse4.1, sse4.2, popcnt, lzcnt, tsc, tscinvbit, avx, avx2, aes, erms, clmul, bmi1, bmi2, adx, sha, fma, vzeroupper, clflush, clflushopt, rdtscp, rdpid, fsrm, f16c, pku, cet_ss
Processor Information for the first 16 processors :
  Max Mhz: 3401, Current Mhz: 3401, Mhz Limit: 3401

Memory: 4k page, system-wide physical 16291M (7762M free)
TotalPageFile size 28067M (AvailPageFile size 14306M)
current process WorkingSet (physical memory assigned to process): 1341M, peak: 1351M
current process commit charge ("private bytes"): 1764M, peak: 1777M

vm_info: OpenJDK 64-Bit Server VM (21.0.12+8-LTS) for windows-amd64 JRE (21.0.12+8-LTS), built on 2026-07-21T00:00:00Z by "admin" with MS VC++ 17.12 (VS2022)

END.
